Perf_ID,Match_ID,Player_ID,KDA_Ratio,Combat_Score,Headshot_Pct,Outcome
PF0001,M001,P0476,0.81,503,85.18,Loss
PF0002,M001,P0477,8.11,546,15.64,Loss
PF0003,M001,P0478,4.93,582,100.00,Loss
PF0004,M001,P0479,3.77,541,71.93,Loss
PF0005,M001,P0480,8.04,157,44.98,Loss
PF0006,M001,P0566,9.00,105,100.00,Win
PF0007,M001,P0567,7.41,2,100.00,Win
PF0008,M001,P0568,0.65,150,32.56,Win
PF0009,M001,P0569,6.55,208,41.39,Win
PF0010,M001,P0570,0.00,242,88.94,Win
PF0011,M002,P0566,7.77,420,19.27,Win
PF0012,M002,P0567,0.00,567,41.62,Win
PF0013,M002,P0568,4.73,202,64.42,Win
PF0014,M002,P0569,1.50,402,100.00,Win
PF0015,M002,P0570,5.32,331,98.93,Win
PF0016,M002,P0406,5.46,289,4.10,Loss
PF0017,M002,P0407,0.00,415,67.42,Loss
PF0018,M002,P0408,2.93,557,86.68,Loss
PF0019,M002,P0409,0.93,89,1.95,Loss
PF0020,M002,P0410,8.75,123,67.57,Loss
PF0021,M003,P0406,7.61,658,12.70,Loss
PF0022,M003,P0407,0.00,466,51.51,Loss
PF0023,M003,P0408,2.80,340,73.94,Loss
PF0024,M003,P0409,0.18,118,43.85,Loss
PF0025,M003,P0410,8.63,125,55.29,Loss
PF0026,M003,P0346,5.60,293,83.81,Win
PF0027,M003,P0347,1.21,228,51.04,Win
PF0028,M003,P0348,4.55,589,23.88,Win
PF0029,M003,P0349,4.72,582,1.00,Win
PF0030,M003,P0350,0.79,373,100.00,Win
PF0031,M004,P0346,0.00,124,100.00,Win
PF0032,M004,P0347,5.91,0,46.18,Win
PF0033,M004,P0348,2.10,248,1.68,Win
PF0034,M004,P0349,1.33,433,80.83,Win
PF0035,M004,P0350,7.83,493,48.70,Win
PF0036,M004,P0471,4.78,417,100.00,Loss
PF0037,M004,P0472,5.49,491,87.71,Loss
PF0038,M004,P0473,0.00,195,34.80,Loss
PF0039,M004,P0474,8.27,613,15.70,Loss
PF0040,M004,P0475,6.23,489,7.94,Loss
PF0041,M006,P0036,6.47,0,11.15,
PF0042,M006,P0037,1.61,209,51.79,
PF0043,M006,P0038,5.04,382,100.00,
PF0044,M006,P0040,2.14,577,74.62,
PF0045,M006,P0076,3.61,656,52.96,
PF0046,M006,P0077,2.30,326,57.33,
PF0047,M006,P0078,2.02,621,28.49,
PF0048,M006,P0079,1.93,578,12.65,
PF0049,M006,P0080,8.58,62,82.02,
PF0050,M009,P0001,3.31,457,31.70,Loss
PF0051,M009,P0002,7.33,116,24.44,Loss
PF0052,M009,P0003,0.00,454,42.82,Loss
PF0053,M009,P0004,3.46,342,34.74,Loss
PF0054,M009,P0005,1.96,129,96.26,Loss
PF0055,M009,P0216,2.55,152,4.49,Win
PF0056,M009,P0217,0.09,0,100.00,Win
PF0057,M009,P0218,0.77,622,100.00,Win
PF0058,M009,P0219,0.00,613,13.72,Win
PF0059,M009,P0220,8.63,398,100.00,Win
PF0060,M010,P0216,7.16,596,37.36,Win
PF0061,M010,P0217,4.55,88,19.71,Win
PF0062,M010,P0218,0.59,552,100.00,Win
PF0063,M010,P0219,6.31,106,100.00,Win
PF0064,M010,P0220,4.93,365,88.60,Win
PF0065,M010,P0571,6.75,485,47.12,Loss
PF0066,M010,P0572,7.31,590,10.92,Loss
PF0067,M010,P0573,0.00,87,100.00,Loss
PF0068,M010,P0574,8.51,683,42.69,Loss
PF0069,M011,P0571,0.35,641,28.85,Loss
PF0070,M011,P0572,7.12,30,97.35,Loss
PF0071,M011,P0573,7.52,296,25.59,Loss
PF0072,M011,P0574,0.12,89,38.81,Loss
PF0073,M011,P0575,3.13,482,100.00,Loss
PF0074,M011,P0296,8.07,389,57.04,Win
PF0075,M011,P0297,5.92,624,45.24,Win
PF0076,M011,P0298,8.40,281,62.49,Win
PF0077,M011,P0299,0.00,356,20.16,Win
PF0078,M011,P0300,2.92,369,100.00,Win
PF0079,M012,P0296,7.92,373,100.00,Win
PF0080,M012,P0297,5.42,532,10.83,Win
PF0081,M012,P0298,4.45,317,100.00,Win
PF0082,M012,P0299,3.41,533,100.00,Win
PF0083,M012,P0300,5.87,593,40.41,Win
PF0084,M012,P0006,7.47,507,90.91,Loss
PF0085,M012,P0007,1.43,153,59.88,Loss
PF0086,M012,P0008,0.53,592,83.49,Loss
PF0087,M012,P0009,5.00,22,75.80,Loss
PF0088,M012,P0010,5.16,506,36.98,Loss
PF0089,M013,P0006,8.93,664,29.06,Loss
PF0090,M013,P0007,0.00,442,93.97,Loss
PF0091,M013,P0008,2.29,38,0.35,Loss
PF0092,M013,P0009,0.00,359,75.32,Loss
PF0093,M013,P0010,7.77,227,82.62,Loss
PF0094,M013,P0416,0.20,534,41.15,Win
PF0095,M013,P0417,1.95,368,66.62,Win
PF0096,M013,P0418,0.00,157,77.41,Win
PF0097,M013,P0419,4.65,635,12.78,Win
PF0098,M013,P0420,0.00,695,71.75,Win
PF0099,M015,P0521,5.82,311,34.52,
PF0100,M015,P0522,7.27,339,48.26,
PF0101,M015,P0523,0.00,136,98.34,
PF0102,M015,P0525,5.67,324,25.40,
PF0103,M015,P0061,3.88,506,56.79,
PF0104,M015,P0062,2.87,428,36.10,
PF0105,M015,P0063,6.21,336,4.35,
PF0106,M015,P0064,7.49,369,15.62,
PF0107,M015,P0065,8.45,0,7.49,
PF0108,M018,P0236,7.53,573,63.49,Win
PF0109,M018,P0237,4.78,526,3.33,Win
PF0110,M018,P0238,4.20,88,88.81,Win
PF0111,M018,P0239,3.45,409,90.84,Win
PF0112,M018,P0240,4.17,685,60.79,Win
PF0113,M018,P0506,0.60,395,98.35,Loss
PF0114,M018,P0507,0.00,655,63.49,Loss
PF0115,M018,P0508,8.49,232,100.00,Loss
PF0116,M018,P0509,7.66,528,40.45,Loss
PF0117,M018,P0510,3.03,559,80.32,Loss
PF0118,M019,P0507,5.76,160,100.00,Loss
PF0119,M019,P0508,2.34,0,100.00,Loss
PF0120,M019,P0509,4.68,157,98.10,Loss
PF0121,M019,P0510,8.81,568,8.27,Loss
PF0122,M019,P0101,0.00,40,100.00,Win
PF0123,M019,P0102,7.03,120,60.87,Win
PF0124,M019,P0103,7.77,245,89.68,Win
PF0125,M019,P0104,7.47,555,91.83,Win
PF0126,M019,P0105,5.06,468,53.97,Win
PF0127,M020,P0101,7.86,628,100.00,Win
PF0128,M020,P0102,0.00,203,66.97,Win
PF0129,M020,P0103,4.85,689,60.29,Win
PF0130,M020,P0104,5.36,462,100.00,Win
PF0131,M020,P0105,3.93,212,80.90,Win
PF0132,M020,P0066,0.00,382,100.00,Loss
PF0133,M020,P0067,0.00,657,73.36,Loss
PF0134,M020,P0068,3.77,344,61.80,Loss
PF0135,M020,P0069,5.69,134,15.99,Loss
PF0136,M020,P0070,2.35,402,42.00,Loss
PF0137,M021,P0066,7.68,463,0.18,Loss
PF0138,M021,P0067,0.00,337,2.51,Loss
PF0139,M021,P0068,1.55,533,27.83,Loss
PF0140,M021,P0069,3.56,3,71.02,Loss
PF0141,M021,P0070,0.64,0,100.00,Loss
PF0142,M021,P0306,2.66,419,40.54,Win
PF0143,M021,P0307,6.50,1,13.45,Win
PF0144,M021,P0308,0.00,390,2.33,Win
PF0145,M021,P0309,3.15,399,5.41,Win
PF0146,M021,P0310,3.26,488,22.84,Win
PF0147,M022,P0306,6.68,184,7.14,Win
PF0148,M022,P0307,3.11,81,87.33,Win
PF0149,M022,P0308,0.00,324,86.89,Win
PF0150,M022,P0309,8.52,492,73.54,Win
PF0151,M022,P0310,5.71,371,100.00,Win
PF0152,M022,P0221,0.17,432,100.00,Loss
PF0153,M022,P0222,0.00,462,99.06,Loss
PF0154,M022,P0223,7.23,212,100.00,Loss
PF0155,M022,P0224,2.78,39,100.00,Loss
PF0156,M022,P0225,0.26,45,100.00,Loss
PF0157,M024,P0131,0.00,685,61.68,
PF0158,M024,P0132,0.00,578,23.31,
PF0159,M024,P0133,6.03,382,29.92,
PF0160,M024,P0134,6.50,132,100.00,
PF0161,M024,P0135,5.91,343,26.97,
PF0162,M024,P0196,3.13,95,79.28,
PF0163,M024,P0197,3.36,382,46.87,
PF0164,M024,P0198,2.76,614,100.00,
PF0165,M024,P0199,2.91,628,87.14,
PF0166,M024,P0200,5.56,554,11.62,
PF0167,M027,P0136,4.89,20,13.18,Loss
PF0168,M027,P0137,3.31,422,100.00,Loss
PF0169,M027,P0138,6.53,82,23.27,Loss
PF0170,M027,P0139,1.92,113,7.54,Loss
PF0171,M027,P0140,7.48,161,23.30,Loss
PF0172,M027,P0321,5.67,136,25.34,Win
PF0173,M027,P0322,5.97,625,46.45,Win
PF0174,M027,P0323,7.81,0,76.12,Win
PF0175,M027,P0324,3.39,540,70.69,Win
PF0176,M027,P0325,0.00,538,100.00,Win
PF0177,M028,P0321,3.87,42,46.76,Win
PF0178,M028,P0322,0.00,79,79.62,Win
PF0179,M028,P0323,2.16,67,21.08,Win
PF0180,M028,P0324,8.77,247,100.00,Win
PF0181,M028,P0325,4.56,30,74.79,Win
PF0182,M028,P0376,8.06,74,19.14,Loss
PF0183,M028,P0377,2.47,321,100.00,Loss
PF0184,M028,P0378,6.83,8,16.07,Loss
PF0185,M028,P0379,0.12,229,29.26,Loss
PF0186,M028,P0380,5.42,500,59.65,Loss
PF0187,M029,P0376,8.29,399,1.09,Loss
PF0188,M029,P0377,1.63,579,38.33,Loss
PF0189,M029,P0378,4.77,301,37.34,Loss
PF0190,M029,P0379,2.92,144,88.62,Loss
PF0191,M029,P0380,0.00,591,1.54,Loss
PF0192,M029,P0546,8.13,653,43.35,Win
PF0193,M029,P0547,4.52,562,100.00,Win
PF0194,M029,P0548,2.98,285,76.54,Win
PF0195,M029,P0549,8.93,155,54.04,Win
PF0196,M029,P0550,6.46,314,90.78,Win
PF0197,M030,P0546,8.43,122,5.95,Win
PF0198,M030,P0547,2.10,270,88.87,Win
PF0199,M030,P0548,1.90,336,80.80,Win
PF0200,M030,P0549,0.77,28,78.75,Win
PF0201,M030,P0550,0.08,124,14.14,Win
PF0202,M030,P0436,7.53,0,25.33,Loss
PF0203,M030,P0437,0.84,77,88.55,Loss
PF0204,M030,P0438,7.88,36,46.46,Loss
PF0205,M030,P0439,2.92,525,92.30,Loss
PF0206,M030,P0440,0.00,296,34.36,Loss
PF0207,M031,P0436,0.00,188,2.18,Loss
PF0208,M031,P0437,3.94,512,73.76,Loss
PF0209,M031,P0438,2.81,0,42.22,Loss
PF0210,M031,P0439,3.71,471,100.00,Loss
PF0211,M031,P0440,3.53,520,100.00,Loss
PF0212,M031,P0156,0.34,675,80.18,Win
PF0213,M031,P0157,5.02,334,100.00,Win
PF0214,M031,P0158,6.94,673,60.11,Win
PF0215,M031,P0159,6.21,161,2.12,Win
PF0216,M031,P0160,0.00,236,100.00,Win
PF0217,M033,P0301,4.87,639,84.89,
PF0218,M033,P0302,0.02,168,88.38,
PF0219,M033,P0303,2.70,485,69.10,
PF0220,M033,P0304,6.11,450,9.43,
PF0221,M033,P0305,7.42,518,100.00,
PF0222,M033,P0391,4.43,590,28.57,
PF0223,M033,P0392,1.62,121,9.43,
PF0224,M033,P0393,4.80,17,74.66,
PF0225,M033,P0394,1.60,554,25.25,
PF0226,M036,P0581,0.00,0,60.26,Win
PF0227,M036,P0582,0.53,441,31.83,Win
PF0228,M036,P0583,2.54,416,96.33,Win
PF0229,M036,P0584,1.27,621,29.83,Win
PF0230,M036,P0585,4.91,51,22.46,Win
PF0231,M036,P0381,0.00,138,30.03,Loss
PF0232,M036,P0382,0.00,77,57.85,Loss
PF0233,M036,P0383,7.28,481,28.83,Loss
PF0234,M036,P0384,0.60,382,100.00,Loss
PF0235,M036,P0385,7.21,658,75.23,Loss
PF0236,M037,P0381,7.85,0,62.70,Loss
PF0237,M037,P0382,5.13,269,5.90,Loss
PF0238,M037,P0383,5.66,128,70.81,Loss
PF0239,M037,P0384,7.06,82,28.33,Loss
PF0240,M037,P0385,0.00,344,34.37,Loss
PF0241,M037,P0211,7.57,28,100.00,Win
PF0242,M037,P0212,6.95,313,28.70,Win
PF0243,M037,P0213,0.00,279,35.46,Win
PF0244,M037,P0214,1.44,575,0.76,Win
PF0245,M037,P0215,2.26,542,67.71,Win
PF0246,M038,P0212,2.56,448,5.70,Win
PF0247,M038,P0213,0.00,592,62.82,Win
PF0248,M038,P0214,8.44,303,1.38,Win
PF0249,M038,P0215,2.87,673,57.24,Win
PF0250,M038,P0251,8.91,128,46.73,Loss
PF0251,M038,P0252,6.49,686,60.82,Loss
PF0252,M038,P0253,2.74,499,17.86,Loss
PF0253,M038,P0254,2.50,591,73.48,Loss
PF0254,M038,P0255,8.30,325,73.03,Loss
PF0255,M039,P0251,6.24,307,91.72,Loss
PF0256,M039,P0252,7.85,509,35.97,Loss
PF0257,M039,P0253,8.67,61,65.92,Loss
PF0258,M039,P0254,3.49,325,95.80,Loss
PF0259,M039,P0255,0.39,675,78.03,Loss
PF0260,M039,P0486,4.20,254,3.65,Win
PF0261,M039,P0487,3.33,426,37.02,Win
PF0262,M039,P0488,0.36,131,98.52,Win
PF0263,M039,P0489,4.48,497,67.20,Win
PF0264,M039,P0490,6.41,329,15.08,Win
PF0265,M040,P0486,2.14,90,97.31,Win
PF0266,M040,P0487,4.45,677,64.64,Win
PF0267,M040,P0488,2.07,178,9.09,Win
PF0268,M040,P0489,7.02,474,77.42,Win
PF0269,M040,P0490,7.85,312,100.00,Win
PF0270,M040,P0411,0.00,349,67.98,Loss
PF0271,M040,P0412,0.00,274,100.00,Loss
PF0272,M040,P0413,1.33,324,66.69,Loss
PF0273,M040,P0414,3.85,65,100.00,Loss
PF0274,M040,P0415,2.18,414,75.85,Loss
PF0275,M042,P0496,8.02,286,42.53,
PF0276,M042,P0497,6.99,220,59.00,
PF0277,M042,P0498,0.00,514,50.86,
PF0278,M042,P0499,0.48,363,29.00,
PF0279,M042,P0500,0.00,219,91.78,
PF0280,M042,P0511,0.00,677,7.69,
PF0281,M042,P0512,8.88,315,100.00,
PF0282,M042,P0513,0.00,23,11.38,
PF0283,M042,P0514,5.23,149,100.00,
PF0284,M042,P0515,0.00,570,90.67,
PF0285,M045,P0176,0.00,88,63.76,Loss
PF0286,M045,P0177,0.84,610,56.30,Loss
PF0287,M045,P0178,0.00,445,12.41,Loss
PF0288,M045,P0179,7.63,277,100.00,Loss
PF0289,M045,P0180,0.00,389,67.89,Loss
PF0290,M045,P0426,8.24,577,62.58,Win
PF0291,M045,P0427,2.09,301,100.00,Win
PF0292,M045,P0428,6.08,518,99.33,Win
PF0293,M045,P0429,3.40,478,83.62,Win
PF0294,M045,P0430,0.00,0,22.92,Win
PF0295,M046,P0426,4.89,696,3.93,Win
PF0296,M046,P0427,0.47,646,69.67,Win
PF0297,M046,P0428,5.51,413,100.00,Win
PF0298,M046,P0429,7.18,328,43.20,Win
PF0299,M046,P0430,6.02,0,76.57,Win
PF0300,M046,P0266,7.26,0,100.00,Loss
PF0301,M046,P0267,0.00,512,13.36,Loss
PF0302,M046,P0268,8.68,92,52.71,Loss
PF0303,M046,P0269,4.38,485,92.76,Loss
PF0304,M046,P0270,8.56,134,57.68,Loss
PF0305,M047,P0266,0.00,137,80.07,Loss
PF0306,M047,P0267,3.30,676,55.48,Loss
PF0307,M047,P0268,5.56,246,62.23,Loss
PF0308,M047,P0269,1.83,336,100.00,Loss
PF0309,M047,P0270,0.00,0,2.78,Loss
PF0310,M047,P0596,8.65,345,61.01,Win
PF0311,M047,P0597,0.00,393,9.50,Win
PF0312,M047,P0598,1.11,497,54.34,Win
PF0313,M047,P0599,8.96,72,100.00,Win
PF0314,M047,P0600,0.76,159,100.00,Win
PF0315,M048,P0596,1.42,321,94.98,Win
PF0316,M048,P0597,8.64,291,45.01,Win
PF0317,M048,P0598,4.57,166,56.96,Win
PF0318,M048,P0599,6.86,530,28.94,Win
PF0319,M048,P0600,7.11,224,2.87,Win
PF0320,M048,P0281,0.71,55,59.04,Loss
PF0321,M048,P0282,8.57,589,25.03,Loss
PF0322,M048,P0284,0.00,480,98.81,Loss
PF0323,M048,P0285,0.00,505,100.00,Loss
PF0324,M049,P0281,2.54,365,75.07,Loss
PF0325,M049,P0282,8.97,23,46.44,Loss
PF0326,M049,P0283,8.30,0,5.79,Loss
PF0327,M049,P0284,3.60,21,11.37,Loss
PF0328,M049,P0285,5.92,410,100.00,Loss
PF0329,M049,P0401,6.53,57,72.02,Win
PF0330,M049,P0402,2.54,54,26.62,Win
PF0331,M049,P0403,2.01,617,92.22,Win
PF0332,M049,P0404,5.41,0,30.44,Win
PF0333,M049,P0405,4.40,447,19.37,Win
PF0334,M051,P0261,5.74,644,100.00,
PF0335,M051,P0262,0.00,644,52.13,
PF0336,M051,P0263,3.52,165,61.42,
PF0337,M051,P0264,2.16,289,94.32,
PF0338,M051,P0265,1.78,0,51.43,
PF0339,M051,P0421,6.81,250,84.33,
PF0340,M051,P0422,1.12,87,45.79,
PF0341,M051,P0423,1.76,129,31.14,
PF0342,M051,P0424,0.00,388,15.70,
PF0343,M051,P0425,4.50,0,77.19,
PF0344,M054,P0351,0.00,0,98.24,Win
PF0345,M054,P0352,3.19,1,69.07,Win
PF0346,M054,P0353,6.21,677,50.09,Win
PF0347,M054,P0354,2.86,0,38.27,Win
PF0348,M054,P0355,2.51,295,63.83,Win
PF0349,M054,P0116,4.60,242,59.31,Loss
PF0350,M054,P0117,0.00,369,100.00,Loss
PF0351,M054,P0118,0.00,261,49.60,Loss
PF0352,M054,P0119,2.66,665,18.39,Loss
PF0353,M054,P0120,0.00,10,57.19,Loss
PF0354,M055,P0116,8.50,189,40.35,Loss
PF0355,M055,P0117,7.81,318,63.15,Loss
PF0356,M055,P0118,7.35,505,53.69,Loss
PF0357,M055,P0119,0.00,426,11.16,Loss
PF0358,M055,P0120,0.00,584,89.15,Loss
PF0359,M055,P0021,2.46,542,23.90,Win
PF0360,M055,P0022,0.00,546,74.62,Win
PF0361,M055,P0023,0.00,2,88.18,Win
PF0362,M055,P0024,4.57,539,40.79,Win
PF0363,M055,P0025,5.79,597,75.75,Win
PF0364,M056,P0021,8.82,286,24.35,Win
PF0365,M056,P0022,0.20,618,74.65,Win
PF0366,M056,P0023,2.35,0,54.65,Win
PF0367,M056,P0024,7.57,154,100.00,Win
PF0368,M056,P0025,5.85,509,72.91,Win
PF0369,M056,P0451,6.33,644,100.00,Loss
PF0370,M056,P0452,3.11,526,58.46,Loss
PF0371,M056,P0453,6.66,248,92.23,Loss
PF0372,M056,P0454,5.72,376,63.97,Loss
PF0373,M056,P0455,4.25,186,18.23,Loss
PF0374,M057,P0451,0.00,485,74.43,Loss
PF0375,M057,P0452,2.78,618,100.00,Loss
PF0376,M057,P0453,2.28,603,22.76,Loss
PF0377,M057,P0454,4.28,269,5.65,Loss
PF0378,M057,P0455,0.00,325,46.11,Loss
PF0379,M057,P0146,0.23,475,100.00,Win
PF0380,M057,P0147,3.45,664,64.83,Win
PF0381,M057,P0148,7.79,122,0.32,Win
PF0382,M057,P0149,0.85,436,100.00,Win
PF0383,M057,P0150,1.52,391,70.36,Win
PF0384,M058,P0146,5.88,661,34.73,Win
PF0385,M058,P0147,1.88,0,6.57,Win
PF0386,M058,P0148,3.99,634,14.76,Win
PF0387,M058,P0149,0.87,693,14.78,Win
PF0388,M058,P0150,4.55,545,100.00,Win
PF0389,M058,P0491,4.81,226,51.73,Loss
PF0390,M058,P0492,2.97,211,79.21,Loss
PF0391,M058,P0493,0.26,327,19.71,Loss
PF0392,M058,P0494,1.18,1,75.74,Loss
PF0393,M058,P0495,3.29,556,20.85,Loss
PF0394,M060,P0071,8.20,593,39.37,
PF0395,M060,P0072,6.40,564,1.72,
PF0396,M060,P0073,0.00,306,45.58,
PF0397,M060,P0074,3.71,0,86.17,
PF0398,M060,P0075,0.00,262,22.93,
PF0399,M060,P0206,3.94,503,73.34,
PF0400,M060,P0207,3.81,356,84.31,
PF0401,M060,P0208,0.00,451,100.00,
PF0402,M060,P0209,2.67,597,44.32,
PF0403,M060,P0210,1.81,201,90.77,
PF0404,M063,P0356,4.46,164,23.75,Loss
PF0405,M063,P0357,0.66,99,38.58,Loss
PF0406,M063,P0358,6.68,213,97.22,Loss
PF0407,M063,P0359,4.34,73,77.08,Loss
PF0408,M063,P0360,3.56,417,100.00,Loss
PF0409,M063,P0011,2.11,658,89.10,Win
PF0410,M063,P0013,8.71,277,100.00,Win
PF0411,M063,P0014,2.97,12,0.33,Win
PF0412,M063,P0015,0.00,215,37.23,Win
PF0413,M064,P0011,0.00,273,38.54,Win
PF0414,M064,P0012,8.13,192,45.53,Win
PF0415,M064,P0013,2.38,347,71.27,Win
PF0416,M064,P0014,1.76,357,77.41,Win
PF0417,M064,P0015,1.32,640,28.92,Win
PF0418,M064,P0166,5.00,377,100.00,Loss
PF0419,M064,P0168,5.13,512,100.00,Loss
PF0420,M064,P0169,0.00,189,100.00,Loss
PF0421,M064,P0170,0.53,675,100.00,Loss
PF0422,M065,P0166,3.49,281,48.56,Loss
PF0423,M065,P0167,8.36,663,100.00,Loss
PF0424,M065,P0168,0.00,337,100.00,Loss
PF0425,M065,P0169,2.60,459,100.00,Loss
PF0426,M065,P0170,2.17,292,100.00,Loss
PF0427,M065,P0016,1.79,141,40.71,Win
PF0428,M065,P0018,6.19,23,12.01,Win
PF0429,M065,P0019,4.75,61,100.00,Win
PF0430,M065,P0020,0.00,234,2.58,Win
PF0431,M066,P0016,6.53,573,56.40,Win
PF0432,M066,P0017,3.05,116,74.14,Win
PF0433,M066,P0018,7.88,73,69.76,Win
PF0434,M066,P0019,0.00,212,18.20,Win
PF0435,M066,P0020,7.38,95,100.00,Win
PF0436,M066,P0341,5.41,406,100.00,Loss
PF0437,M066,P0342,6.54,534,4.36,Loss
PF0438,M066,P0343,6.25,440,2.01,Loss
PF0439,M066,P0344,1.48,317,72.84,Loss
PF0440,M066,P0345,4.66,28,90.35,Loss
PF0441,M067,P0341,0.00,692,64.25,Loss
PF0442,M067,P0342,5.22,282,77.82,Loss
PF0443,M067,P0343,7.00,695,100.00,Loss
PF0444,M067,P0344,0.00,433,32.92,Loss
PF0445,M067,P0345,0.00,510,54.05,Loss
PF0446,M067,P0516,0.00,5,50.16,Win
PF0447,M067,P0517,4.06,215,95.95,Win
PF0448,M067,P0518,1.20,325,100.00,Win
PF0449,M067,P0519,7.20,603,1.03,Win
PF0450,M067,P0520,6.75,451,67.40,Win
PF0451,M069,P0256,6.31,138,16.48,
PF0452,M069,P0257,5.22,318,30.38,
PF0453,M069,P0258,0.00,184,66.94,
PF0454,M069,P0259,0.43,304,96.30,
PF0455,M069,P0260,3.14,540,8.00,
PF0456,M069,P0526,3.25,472,16.12,
PF0457,M069,P0527,0.00,690,100.00,
PF0458,M069,P0528,3.80,75,100.00,
PF0459,M069,P0529,0.00,368,36.41,
PF0460,M069,P0530,0.00,629,85.44,
PF0461,M072,P0576,3.70,165,100.00,Win
PF0462,M072,P0577,4.91,210,68.83,Win
PF0463,M072,P0578,8.55,498,70.07,Win
PF0464,M072,P0579,1.04,306,66.32,Win
PF0465,M072,P0580,7.04,578,100.00,Win
PF0466,M072,P0291,7.78,0,35.61,Loss
PF0467,M072,P0292,4.23,0,57.36,Loss
PF0468,M072,P0293,5.21,174,4.22,Loss
PF0469,M072,P0294,6.49,111,60.70,Loss
PF0470,M072,P0295,0.18,347,73.57,Loss
PF0471,M073,P0291,8.42,19,67.06,Loss
PF0472,M073,P0292,1.25,390,65.44,Loss
PF0473,M073,P0293,1.57,298,41.30,Loss
PF0474,M073,P0294,5.28,418,74.06,Loss
PF0475,M073,P0295,0.00,478,97.66,Loss
PF0476,M073,P0446,2.27,86,100.00,Win
PF0477,M073,P0447,4.22,232,100.00,Win
PF0478,M073,P0448,7.92,609,18.27,Win
PF0479,M073,P0449,6.23,547,59.40,Win
PF0480,M073,P0450,5.18,13,100.00,Win
PF0481,M074,P0446,8.89,303,38.29,Win
PF0482,M074,P0447,7.90,652,51.15,Win
PF0483,M074,P0448,7.28,466,25.00,Win
PF0484,M074,P0449,5.19,421,55.12,Win
PF0485,M074,P0450,6.34,541,42.73,Win
PF0486,M074,P0141,3.73,615,4.40,Loss
PF0487,M074,P0142,2.10,249,1.84,Loss
PF0488,M074,P0143,0.00,446,100.00,Loss
PF0489,M074,P0144,7.24,569,84.29,Loss
PF0490,M074,P0145,0.00,472,100.00,Loss
PF0491,M075,P0141,2.22,0,35.37,Loss
PF0492,M075,P0142,6.25,84,100.00,Loss
PF0493,M075,P0143,2.67,628,55.43,Loss
PF0494,M075,P0144,8.62,195,51.91,Loss
PF0495,M075,P0145,0.14,231,45.34,Loss
PF0496,M075,P0361,7.43,216,39.00,Win
PF0497,M075,P0362,0.00,93,44.40,Win
PF0498,M075,P0364,3.40,518,74.30,Win
PF0499,M075,P0365,2.09,672,5.95,Win
PF0500,M076,P0361,0.00,23,54.75,Win
PF0501,M076,P0362,1.13,601,99.54,Win
PF0502,M076,P0363,8.34,128,90.56,Win
PF0503,M076,P0364,4.64,321,0.12,Win
PF0504,M076,P0365,0.00,321,97.81,Win
PF0505,M076,P0091,0.86,9,17.57,Loss
PF0506,M076,P0092,3.82,366,67.58,Loss
PF0507,M076,P0093,6.78,144,75.98,Loss
PF0508,M076,P0094,4.06,181,0.49,Loss
PF0509,M076,P0095,5.39,255,13.67,Loss
PF0510,M078,P0031,0.00,0,100.00,
PF0511,M078,P0032,5.54,312,64.59,
PF0512,M078,P0033,4.42,32,57.76,
PF0513,M078,P0034,0.00,620,100.00,
PF0514,M078,P0035,0.00,545,62.06,
PF0515,M078,P0081,2.66,426,87.94,
PF0516,M078,P0082,5.72,506,18.12,
PF0517,M078,P0083,0.00,646,93.83,
PF0518,M078,P0084,0.00,675,100.00,
PF0519,M078,P0085,8.86,632,36.71,
PF0520,M081,P0046,0.00,487,59.00,Loss
PF0521,M081,P0047,0.70,295,91.53,Loss
PF0522,M081,P0048,7.65,0,99.51,Loss
PF0523,M081,P0049,0.14,378,0.79,Loss
PF0524,M081,P0050,0.00,148,37.76,Loss
PF0525,M081,P0591,6.90,407,75.72,Win
PF0526,M081,P0592,0.12,610,5.39,Win
PF0527,M081,P0593,5.87,120,27.27,Win
PF0528,M081,P0594,0.00,394,29.94,Win
PF0529,M081,P0595,5.47,504,8.55,Win
PF0530,M082,P0591,2.26,105,31.69,Win
PF0531,M082,P0592,3.01,146,51.65,Win
PF0532,M082,P0593,3.10,485,100.00,Win
PF0533,M082,P0594,8.59,686,50.84,Win
PF0534,M082,P0595,5.30,628,54.65,Win
PF0535,M082,P0276,7.15,181,93.09,Loss
PF0536,M082,P0277,7.57,141,77.14,Loss
PF0537,M082,P0278,8.96,247,35.46,Loss
PF0538,M082,P0279,0.52,434,11.62,Loss
PF0539,M082,P0280,6.11,620,100.00,Loss
PF0540,M083,P0276,4.33,137,72.77,Loss
PF0541,M083,P0277,6.13,593,31.76,Loss
PF0542,M083,P0278,6.36,352,39.40,Loss
PF0543,M083,P0279,2.52,161,81.94,Loss
PF0544,M083,P0280,5.99,498,1.71,Loss
PF0545,M083,P0286,2.14,129,91.34,Win
PF0546,M083,P0288,3.23,208,9.83,Win
PF0547,M083,P0289,0.00,352,99.06,Win
PF0548,M083,P0290,8.31,0,20.53,Win
PF0549,M084,P0286,1.72,635,4.69,Win
PF0550,M084,P0287,6.19,133,55.78,Win
PF0551,M084,P0288,3.77,677,100.00,Win
PF0552,M084,P0289,4.49,134,50.22,Win
PF0553,M084,P0290,2.52,0,12.54,Win
PF0554,M084,P0336,5.92,605,32.44,Loss
PF0555,M084,P0337,1.70,99,18.86,Loss
PF0556,M084,P0338,0.00,112,37.33,Loss
PF0557,M084,P0339,8.86,461,75.45,Loss
PF0558,M084,P0340,5.45,510,100.00,Loss
PF0559,M085,P0336,6.57,212,9.09,Loss
PF0560,M085,P0337,0.00,218,22.84,Loss
PF0561,M085,P0338,8.35,250,50.63,Loss
PF0562,M085,P0339,5.86,217,57.34,Loss
PF0563,M085,P0340,7.38,685,92.95,Loss
PF0564,M085,P0181,1.53,439,14.66,Win
PF0565,M085,P0182,0.00,461,72.42,Win
PF0566,M085,P0183,2.14,133,76.56,Win
PF0567,M085,P0184,4.66,510,13.89,Win
PF0568,M085,P0185,6.03,56,74.99,Win
PF0569,M087,P0386,7.92,549,74.46,
PF0570,M087,P0387,6.48,0,70.96,
PF0571,M087,P0388,5.33,0,32.78,
PF0572,M087,P0389,6.84,362,60.82,
PF0573,M087,P0390,0.00,200,21.92,
PF0574,M087,P0246,2.56,513,5.92,
PF0575,M087,P0247,0.00,538,38.12,
PF0576,M087,P0248,0.67,371,100.00,
PF0577,M087,P0249,8.00,373,10.84,
PF0578,M087,P0250,8.58,628,74.77,
PF0579,M090,P0271,0.00,573,43.28,Win
PF0580,M090,P0272,1.57,122,79.47,Win
PF0581,M090,P0273,2.61,316,93.27,Win
PF0582,M090,P0274,5.35,68,70.11,Win
PF0583,M090,P0275,6.09,114,70.16,Win
PF0584,M090,P0366,0.00,133,89.32,Loss
PF0585,M090,P0367,5.18,612,80.95,Loss
PF0586,M090,P0368,3.46,532,56.90,Loss
PF0587,M090,P0369,1.31,278,28.36,Loss
PF0588,M090,P0370,3.70,122,91.27,Loss
PF0589,M091,P0366,5.82,82,100.00,Loss
PF0590,M091,P0367,4.43,74,6.65,Loss
PF0591,M091,P0368,2.66,452,84.97,Loss
PF0592,M091,P0370,6.32,471,29.33,Loss
PF0593,M091,P0041,1.84,369,62.43,Win
PF0594,M091,P0042,7.53,280,19.88,Win
PF0595,M091,P0043,0.00,534,41.18,Win
PF0596,M091,P0044,8.60,465,75.43,Win
PF0597,M092,P0041,5.67,581,48.29,Win
PF0598,M092,P0042,5.09,120,12.25,Win
PF0599,M092,P0043,0.00,149,100.00,Win
PF0600,M092,P0044,0.00,132,42.66,Win
PF0601,M092,P0045,7.90,114,17.10,Win
PF0602,M092,P0586,7.05,331,22.67,Loss
PF0603,M092,P0587,5.70,87,82.51,Loss
PF0604,M092,P0588,0.00,453,100.00,Loss
PF0605,M092,P0589,0.84,193,80.32,Loss
PF0606,M092,P0590,3.78,240,9.74,Loss
PF0607,M093,P0586,6.38,133,100.00,Loss
PF0608,M093,P0587,3.08,207,69.68,Loss
PF0609,M093,P0588,1.47,374,0.69,Loss
PF0610,M093,P0589,0.00,283,47.86,Loss
PF0611,M093,P0201,5.70,118,77.02,Win
PF0612,M093,P0202,0.00,96,56.42,Win
PF0613,M093,P0203,7.87,338,69.31,Win
PF0614,M093,P0204,8.22,689,45.45,Win
PF0615,M093,P0205,0.00,186,3.67,Win
PF0616,M094,P0201,7.78,285,9.82,Win
PF0617,M094,P0202,7.38,632,64.41,Win
PF0618,M094,P0203,4.97,490,7.78,Win
PF0619,M094,P0204,3.01,0,82.23,Win
PF0620,M094,P0205,4.83,618,91.16,Win
PF0621,M094,P0231,5.86,130,11.19,Loss
PF0622,M094,P0232,5.86,21,9.19,Loss
PF0623,M094,P0233,2.11,440,6.34,Loss
PF0624,M094,P0234,3.19,388,56.08,Loss
PF0625,M094,P0235,0.00,355,63.99,Loss
PF0626,M096,P0191,4.15,637,36.72,
PF0627,M096,P0192,4.50,109,88.17,
PF0628,M096,P0193,8.19,353,75.99,
PF0629,M096,P0194,0.03,678,32.66,
PF0630,M096,P0195,0.46,379,100.00,
PF0631,M096,P0501,1.56,225,9.89,
PF0632,M096,P0502,7.21,0,0.41,
PF0633,M096,P0503,7.19,429,76.01,
PF0634,M096,P0504,3.79,110,13.95,
PF0635,M096,P0505,1.89,555,76.67,
PF0636,M099,P0056,0.00,157,59.74,Loss
PF0637,M099,P0057,2.40,405,5.12,Loss
PF0638,M099,P0058,1.59,444,48.64,Loss
PF0639,M099,P0059,3.97,610,42.49,Loss
PF0640,M099,P0060,0.00,686,91.03,Loss
PF0641,M099,P0311,6.26,128,35.44,Win
PF0642,M099,P0312,0.99,700,56.85,Win
PF0643,M099,P0313,0.00,270,16.18,Win
PF0644,M099,P0315,5.22,636,23.80,Win
PF0645,M100,P0311,2.13,135,64.63,Win
PF0646,M100,P0312,7.01,236,3.77,Win
PF0647,M100,P0313,2.33,297,64.38,Win
PF0648,M100,P0314,7.32,1,100.00,Win
PF0649,M100,P0315,3.30,627,11.59,Win
PF0650,M100,P0441,8.03,30,51.72,Loss
PF0651,M100,P0442,8.13,558,85.27,Loss
PF0652,M100,P0443,0.00,66,100.00,Loss
PF0653,M100,P0444,7.76,366,49.89,Loss
PF0654,M100,P0445,7.38,627,100.00,Loss
PF0655,M101,P0441,8.62,330,100.00,Loss
PF0656,M101,P0443,3.20,442,16.45,Loss
PF0657,M101,P0444,3.86,382,27.91,Loss
PF0658,M101,P0445,4.12,606,100.00,Loss
PF0659,M101,P0151,8.59,566,0.95,Win
PF0660,M101,P0152,2.99,362,29.26,Win
PF0661,M101,P0153,8.35,567,80.23,Win
PF0662,M101,P0154,6.74,411,70.38,Win
PF0663,M102,P0151,2.92,146,86.14,Win
PF0664,M102,P0152,5.07,658,25.04,Win
PF0665,M102,P0153,7.05,360,74.09,Win
PF0666,M102,P0154,8.02,599,100.00,Win
PF0667,M102,P0155,8.06,252,74.17,Win
PF0668,M102,P0541,8.49,0,22.11,Loss
PF0669,M102,P0542,1.73,386,62.29,Loss
PF0670,M102,P0543,0.76,332,90.67,Loss
PF0671,M102,P0544,1.78,403,93.14,Loss
PF0672,M102,P0545,6.34,671,100.00,Loss
PF0673,M103,P0541,5.88,625,69.00,Loss
PF0674,M103,P0542,2.10,481,3.25,Loss
PF0675,M103,P0543,8.95,87,9.16,Loss
PF0676,M103,P0544,0.00,112,2.31,Loss
PF0677,M103,P0545,8.37,506,7.82,Loss
PF0678,M103,P0531,0.00,133,64.18,Win
PF0679,M103,P0532,0.00,0,19.07,Win
PF0680,M103,P0533,0.91,105,20.16,Win
PF0681,M103,P0534,0.00,131,38.25,Win
PF0682,M103,P0535,5.40,281,100.00,Win
PF0683,M105,P0171,1.35,534,35.91,
PF0684,M105,P0172,7.23,0,86.63,
PF0685,M105,P0173,4.19,0,18.98,
PF0686,M105,P0174,5.40,79,79.12,
PF0687,M105,P0175,4.38,3,78.67,
PF0688,M105,P0331,5.18,495,30.42,
PF0689,M105,P0332,0.00,149,15.96,
PF0690,M105,P0333,1.19,410,9.52,
PF0691,M105,P0334,5.91,104,100.00,
PF0692,M105,P0335,6.81,144,40.10,
PF0693,M108,P0326,6.32,15,100.00,Win
PF0694,M108,P0327,8.15,87,93.01,Win
PF0695,M108,P0328,0.00,0,34.69,Win
PF0696,M108,P0329,0.00,0,100.00,Win
PF0697,M108,P0330,2.15,366,56.12,Win
PF0698,M108,P0026,1.65,2,100.00,Loss
PF0699,M108,P0027,0.00,88,59.22,Loss
PF0700,M108,P0028,0.00,86,89.08,Loss
PF0701,M108,P0029,2.85,655,9.10,Loss
PF0702,M108,P0030,3.17,681,52.04,Loss
PF0703,M109,P0026,6.72,446,100.00,Loss
PF0704,M109,P0027,4.78,557,100.00,Loss
PF0705,M109,P0028,0.00,12,99.13,Loss
PF0706,M109,P0029,8.43,233,80.81,Loss
PF0707,M109,P0030,6.90,493,88.11,Loss
PF0708,M109,P0551,0.00,35,17.63,Win
PF0709,M109,P0552,1.75,293,100.00,Win
PF0710,M109,P0553,7.13,282,63.17,Win
PF0711,M109,P0554,3.23,228,15.75,Win
PF0712,M109,P0555,6.28,509,37.44,Win
PF0713,M110,P0551,1.53,0,100.00,Win
PF0714,M110,P0552,5.88,600,71.17,Win
PF0715,M110,P0553,4.37,515,66.69,Win
PF0716,M110,P0554,8.36,430,87.75,Win
PF0717,M110,P0555,0.42,596,89.77,Win
PF0718,M110,P0226,2.93,647,89.31,Loss
PF0719,M110,P0227,6.46,164,71.26,Loss
PF0720,M110,P0229,5.69,652,56.64,Loss
PF0721,M110,P0230,0.38,385,7.57,Loss
PF0722,M111,P0226,0.00,339,73.76,Loss
PF0723,M111,P0228,2.37,158,100.00,Loss
PF0724,M111,P0229,4.66,524,51.45,Loss
PF0725,M111,P0230,5.66,12,75.53,Loss
PF0726,M111,P0096,1.57,0,75.53,Win
PF0727,M111,P0097,0.33,510,52.18,Win
PF0728,M111,P0098,4.35,299,23.38,Win
PF0729,M111,P0100,7.85,232,81.50,Win
PF0730,M112,P0096,7.47,421,2.12,Win
PF0731,M112,P0097,6.02,696,34.71,Win
PF0732,M112,P0098,5.96,542,100.00,Win
PF0733,M112,P0099,0.00,291,100.00,Win
PF0734,M112,P0556,0.00,500,100.00,Loss
PF0735,M112,P0557,3.45,343,86.55,Loss
PF0736,M112,P0558,0.00,136,19.02,Loss
PF0737,M112,P0559,3.70,694,10.74,Loss
PF0738,M112,P0560,5.36,126,100.00,Loss
PF0739,M114,P0456,7.50,257,52.61,
PF0740,M114,P0457,5.35,56,18.45,
PF0741,M114,P0458,8.38,472,3.76,
PF0742,M114,P0459,1.57,10,16.60,
PF0743,M114,P0460,3.66,450,4.77,
PF0744,M114,P0466,5.76,21,65.75,
PF0745,M114,P0467,4.62,373,58.98,
PF0746,M114,P0468,5.96,211,96.74,
PF0747,M114,P0469,1.13,70,15.87,
PF0748,M114,P0470,7.05,638,39.99,
PF0749,M117,P0431,8.92,687,47.78,Loss
PF0750,M117,P0432,0.79,517,100.00,Loss
PF0751,M117,P0433,7.46,545,100.00,Loss
PF0752,M117,P0434,0.55,366,17.21,Loss
PF0753,M117,P0435,1.82,592,54.26,Loss
PF0754,M117,P0316,0.79,124,22.97,Win
PF0755,M117,P0317,0.00,80,19.46,Win
PF0756,M117,P0318,5.20,426,3.87,Win
PF0757,M117,P0320,0.00,459,63.39,Win
PF0758,M118,P0316,7.82,172,63.28,Win
PF0759,M118,P0318,4.77,421,93.40,Win
PF0760,M118,P0319,0.73,0,65.81,Win
PF0761,M118,P0320,0.12,176,99.85,Win
PF0762,M118,P0161,1.56,312,46.29,Loss
PF0763,M118,P0162,4.27,389,27.30,Loss
PF0764,M118,P0163,0.00,612,96.55,Loss
PF0765,M118,P0164,0.16,112,50.97,Loss
PF0766,M118,P0165,0.00,320,56.49,Loss
PF0767,M119,P0161,0.73,482,60.21,Loss
PF0768,M119,P0162,0.83,152,45.03,Loss
PF0769,M119,P0163,7.81,25,26.40,Loss
PF0770,M119,P0164,4.96,202,61.78,Loss
PF0771,M119,P0165,5.01,651,17.79,Loss
PF0772,M119,P0461,5.76,395,12.88,Win
PF0773,M119,P0462,2.39,73,19.40,Win
PF0774,M119,P0463,6.79,677,100.00,Win
PF0775,M119,P0464,0.00,277,100.00,Win
PF0776,M119,P0465,3.59,45,56.84,Win
PF0777,M120,P0461,0.00,76,26.03,Win
PF0778,M120,P0462,0.17,104,100.00,Win
PF0779,M120,P0463,6.88,0,57.86,Win
PF0780,M120,P0464,4.19,573,3.98,Win
PF0781,M120,P0465,5.10,44,100.00,Win
PF0782,M120,P0476,2.76,4,39.82,Loss
PF0783,M120,P0477,0.89,296,56.30,Loss
PF0784,M120,P0478,7.91,265,82.02,Loss
PF0785,M120,P0479,2.65,81,50.43,Loss
PF0786,M120,P0480,4.46,653,83.53,Loss
PF0787,M121,P0476,4.55,310,0.63,Loss
PF0788,M121,P0477,4.74,151,76.21,Loss
PF0789,M121,P0478,2.91,644,58.99,Loss
PF0790,M121,P0479,3.43,396,100.00,Loss
PF0791,M121,P0480,5.50,395,71.86,Loss
PF0792,M121,P0406,0.00,678,39.45,Win
PF0793,M121,P0407,0.00,492,67.71,Win
PF0794,M121,P0408,3.23,40,62.62,Win
PF0795,M121,P0409,3.55,127,76.78,Win
PF0796,M121,P0410,2.60,333,47.56,Win
PF0797,M123,P0406,6.69,542,44.06,
PF0798,M123,P0407,7.25,196,65.07,
PF0799,M123,P0408,8.00,519,47.56,
PF0800,M123,P0409,0.00,615,14.58,
PF0801,M123,P0410,8.64,0,78.67,
PF0802,M123,P0471,7.80,314,87.35,
PF0803,M123,P0472,6.18,605,100.00,
PF0804,M123,P0473,0.00,687,86.57,
PF0805,M123,P0474,8.25,18,83.22,
PF0806,M123,P0475,6.73,466,53.82,
PF0807,M126,P0036,0.00,342,45.96,Win
PF0808,M126,P0037,5.54,0,44.13,Win
PF0809,M126,P0038,7.62,567,41.79,Win
PF0810,M126,P0039,1.63,568,10.16,Win
PF0811,M126,P0040,0.00,591,58.91,Win
PF0812,M126,P0126,4.79,421,100.00,Loss
PF0813,M126,P0127,0.87,250,23.14,Loss
PF0814,M126,P0128,8.69,519,95.79,Loss
PF0815,M126,P0129,5.73,241,32.27,Loss
PF0816,M126,P0130,8.13,196,7.25,Loss
PF0817,M127,P0076,6.71,280,53.90,Loss
PF0818,M127,P0077,1.21,0,62.85,Loss
PF0819,M127,P0078,8.23,430,1.19,Loss
PF0820,M127,P0079,7.56,51,56.73,Loss
PF0821,M127,P0080,8.20,484,66.50,Loss
PF0822,M127,P0002,7.47,271,98.72,Win
PF0823,M127,P0003,0.00,454,100.00,Win
PF0824,M127,P0004,3.69,351,99.22,Win
PF0825,M127,P0005,0.06,457,87.36,Win
PF0826,M128,P0126,2.50,286,79.97,Win
PF0827,M128,P0127,0.28,305,90.34,Win
PF0828,M128,P0128,4.29,576,11.99,Win
PF0829,M128,P0129,0.32,411,34.81,Win
PF0830,M128,P0130,1.09,2,100.00,Win
PF0831,M128,P0216,3.52,35,71.05,Loss
PF0832,M128,P0217,1.19,0,97.66,Loss
PF0833,M128,P0218,4.05,0,92.11,Loss
PF0834,M128,P0219,6.41,523,24.36,Loss
PF0835,M128,P0220,0.27,292,52.99,Loss
PF0836,M129,P0001,1.59,201,100.00,Loss
PF0837,M129,P0002,5.71,50,23.76,Loss
PF0838,M129,P0003,2.68,285,27.00,Loss
PF0839,M129,P0004,6.28,208,61.48,Loss
PF0840,M129,P0005,4.89,217,93.28,Loss
PF0841,M129,P0571,3.87,651,71.72,Win
PF0842,M129,P0572,0.00,0,47.30,Win
PF0843,M129,P0573,6.78,613,90.87,Win
PF0844,M129,P0574,1.52,649,22.59,Win
PF0845,M129,P0575,0.00,417,90.27,Win
PF0846,M130,P0216,3.53,533,100.00,Win
PF0847,M130,P0217,4.60,515,36.64,Win
PF0848,M130,P0218,0.00,268,67.85,Win
PF0849,M130,P0219,6.40,528,43.00,Win
PF0850,M130,P0220,8.43,473,36.07,Win
PF0851,M130,P0296,0.00,308,100.00,Loss
PF0852,M130,P0297,4.39,665,52.18,Loss
PF0853,M130,P0299,7.46,0,100.00,Loss
PF0854,M130,P0300,0.00,627,57.82,Loss
PF0855,M132,P0296,2.55,22,36.04,
PF0856,M132,P0297,0.00,259,93.55,
PF0857,M132,P0298,4.90,404,100.00,
PF0858,M132,P0299,4.84,170,99.19,
PF0859,M132,P0300,3.46,483,63.53,
PF0860,M132,P0416,7.05,212,65.05,
PF0861,M132,P0417,5.63,226,58.96,
PF0862,M132,P0418,2.96,678,100.00,
PF0863,M132,P0419,3.91,660,58.30,
PF0864,M132,P0420,2.19,105,80.87,
PF0865,M135,P0521,8.47,542,89.76,Loss
PF0866,M135,P0522,0.00,469,97.38,Loss
PF0867,M135,P0523,7.93,123,20.43,Loss
PF0868,M135,P0524,2.40,534,49.88,Loss
PF0869,M135,P0525,7.75,467,77.78,Loss
PF0870,M135,P0051,0.00,387,100.00,Win
PF0871,M135,P0052,0.00,187,89.87,Win
PF0872,M135,P0053,1.90,249,98.69,Win
PF0873,M135,P0054,6.93,616,17.51,Win
PF0874,M135,P0055,7.08,661,49.23,Win
PF0875,M136,P0061,0.00,216,41.61,Win
PF0876,M136,P0062,5.70,353,100.00,Win
PF0877,M136,P0063,3.58,134,13.64,Win
PF0878,M136,P0064,0.00,280,60.19,Win
PF0879,M136,P0065,0.00,550,10.32,Win
PF0880,M136,P0236,8.98,265,74.55,Loss
PF0881,M136,P0237,1.20,74,82.71,Loss
PF0882,M136,P0238,1.26,45,15.70,Loss
PF0883,M136,P0239,0.00,0,44.32,Loss
PF0884,M136,P0240,0.00,675,100.00,Loss
PF0885,M137,P0051,5.04,438,32.83,Loss
PF0886,M137,P0052,7.22,145,79.67,Loss
PF0887,M137,P0053,1.53,84,8.80,Loss
PF0888,M137,P0054,5.95,331,17.21,Loss
PF0889,M137,P0055,5.01,462,55.30,Loss
PF0890,M137,P0506,4.85,268,55.53,Win
PF0891,M137,P0507,4.84,670,10.36,Win
PF0892,M137,P0508,2.24,519,63.85,Win
PF0893,M137,P0509,4.81,28,59.56,Win
PF0894,M137,P0510,6.94,303,34.03,Win
PF0895,M138,P0236,2.94,125,20.21,Win
PF0896,M138,P0237,4.26,293,86.48,Win
PF0897,M138,P0238,0.06,552,41.52,Win
PF0898,M138,P0239,5.85,598,43.40,Win
PF0899,M138,P0240,3.03,0,1.01,Win
PF0900,M138,P0101,0.00,224,3.48,Loss
PF0901,M138,P0102,7.99,534,35.39,Loss
PF0902,M138,P0103,0.00,558,60.46,Loss
PF0903,M138,P0104,0.46,434,3.43,Loss
PF0904,M138,P0105,1.11,493,58.69,Loss
PF0905,M139,P0506,4.83,61,94.27,Loss
PF0906,M139,P0507,6.21,536,28.70,Loss
PF0907,M139,P0508,7.31,558,82.38,Loss
PF0908,M139,P0509,7.35,220,100.00,Loss
PF0909,M139,P0510,7.46,379,59.11,Loss
PF0910,M139,P0066,0.30,620,100.00,Win
PF0911,M139,P0067,6.49,642,5.75,Win
PF0912,M139,P0068,1.86,123,52.36,Win
PF0913,M139,P0069,7.38,0,40.54,Win
PF0914,M139,P0070,0.00,594,73.48,Win
PF0915,M141,P0066,0.00,688,87.21,
PF0916,M141,P0067,1.15,57,62.39,
PF0917,M141,P0068,4.03,29,27.16,
PF0918,M141,P0069,6.60,0,39.99,
PF0919,M141,P0070,7.20,522,86.78,
PF0920,M141,P0221,0.00,257,100.00,
PF0921,M141,P0222,2.62,171,1.38,
PF0922,M141,P0223,2.31,28,25.79,
PF0923,M141,P0224,1.65,146,12.23,
PF0924,M141,P0225,6.01,592,94.59,
PF0925,M144,P0131,0.00,44,60.70,Win
PF0926,M144,P0132,1.13,544,91.28,Win
PF0927,M144,P0133,7.98,610,98.41,Win
PF0928,M144,P0134,1.64,433,86.47,Win
PF0929,M144,P0135,1.22,58,71.43,Win
PF0930,M144,P0537,1.09,408,100.00,Loss
PF0931,M144,P0538,0.00,586,5.94,Loss
PF0932,M144,P0539,8.55,111,2.84,Loss
PF0933,M144,P0540,2.45,211,90.53,Loss
PF0934,M145,P0197,4.83,89,68.79,Loss
PF0935,M145,P0198,1.51,541,15.90,Loss
PF0936,M145,P0199,0.00,655,100.00,Loss
PF0937,M145,P0200,3.54,642,96.02,Loss
PF0938,M145,P0136,0.50,130,49.32,Win
PF0939,M145,P0137,2.23,10,8.64,Win
PF0940,M145,P0138,4.57,334,100.00,Win
PF0941,M145,P0139,5.40,383,69.21,Win
PF0942,M145,P0140,0.00,558,65.80,Win
PF0943,M146,P0536,2.89,607,19.87,Win
PF0944,M146,P0537,0.49,390,81.21,Win
PF0945,M146,P0538,5.55,0,81.24,Win
PF0946,M146,P0539,0.00,431,100.00,Win
PF0947,M146,P0540,0.19,182,100.00,Win
PF0948,M146,P0321,7.13,378,72.48,Loss
PF0949,M146,P0322,0.28,39,22.45,Loss
PF0950,M146,P0323,5.58,123,63.47,Loss
PF0951,M146,P0324,0.00,137,13.23,Loss
PF0952,M146,P0325,0.08,191,86.58,Loss
PF0953,M147,P0136,0.00,532,28.99,Loss
PF0954,M147,P0137,6.34,94,29.03,Loss
PF0955,M147,P0138,8.64,575,1.23,Loss
PF0956,M147,P0139,5.18,665,52.97,Loss
PF0957,M147,P0140,0.00,691,30.26,Loss
PF0958,M147,P0376,0.30,165,59.89,Win
PF0959,M147,P0377,0.00,328,34.15,Win
PF0960,M147,P0378,0.00,520,100.00,Win
PF0961,M147,P0379,6.96,437,7.47,Win
PF0962,M148,P0321,5.29,593,63.60,Win
PF0963,M148,P0322,4.31,489,14.80,Win
PF0964,M148,P0323,0.00,197,10.34,Win
PF0965,M148,P0324,0.00,477,100.00,Win
PF0966,M148,P0325,8.87,193,34.43,Win
PF0967,M148,P0546,0.00,651,53.25,Loss
PF0968,M148,P0547,4.65,488,98.31,Loss
PF0969,M148,P0548,5.90,115,100.00,Loss
PF0970,M148,P0549,7.25,314,16.91,Loss
PF0971,M148,P0550,4.18,373,99.65,Loss
PF0972,M150,P0546,5.88,43,54.36,
PF0973,M150,P0547,8.16,14,65.85,
PF0974,M150,P0548,2.00,378,60.12,
PF0975,M150,P0549,7.93,467,100.00,
PF0976,M150,P0550,7.19,127,17.91,
PF0977,M150,P0156,0.00,181,10.10,
PF0978,M150,P0157,9.00,614,71.35,
PF0979,M150,P0158,8.96,227,81.45,
PF0980,M150,P0159,7.81,666,0.39,
PF0981,M150,P0160,2.03,264,23.27,
PF0982,M153,P0301,7.45,670,22.47,Loss
PF0983,M153,P0302,0.00,130,97.26,Loss
PF0984,M153,P0303,0.55,675,76.12,Loss
PF0985,M153,P0304,6.81,327,16.16,Loss
PF0986,M153,P0305,8.37,178,91.22,Loss
PF0987,M153,P0121,4.90,607,70.00,Win
PF0988,M153,P0122,4.61,254,69.07,Win
PF0989,M153,P0123,1.58,634,100.00,Win
PF0990,M153,P0124,4.95,89,100.00,Win
PF0991,M153,P0125,1.63,184,40.27,Win
PF0992,M154,P0391,5.63,17,75.40,Win
PF0993,M154,P0392,0.00,370,51.88,Win
PF0994,M154,P0393,0.00,634,50.88,Win
PF0995,M154,P0394,0.00,477,70.11,Win
PF0996,M154,P0395,0.00,417,86.84,Win
PF0997,M154,P0581,2.78,37,86.14,Loss
PF0998,M154,P0582,6.98,575,47.63,Loss
PF0999,M154,P0583,1.25,627,100.00,Loss
PF1000,M154,P0584,0.00,537,100.00,Loss
PF1001,M154,P0585,1.30,22,38.21,Loss
PF1002,M155,P0121,1.47,616,68.90,Loss
PF1003,M155,P0122,0.81,503,85.18,Loss
PF1004,M155,P0123,8.11,546,15.64,Loss
PF1005,M155,P0124,4.93,582,100.00,Loss
PF1006,M155,P0125,3.77,541,71.93,Loss
PF1007,M155,P0381,8.04,157,44.98,Win
PF1008,M155,P0382,9.00,105,100.00,Win
PF1009,M155,P0383,7.41,2,100.00,Win
PF1010,M155,P0384,0.65,150,32.56,Win
PF1011,M155,P0385,6.55,208,41.39,Win
PF1012,M156,P0581,0.00,242,88.94,Win
PF1013,M156,P0582,7.77,420,19.27,Win
PF1014,M156,P0583,0.00,567,41.62,Win
PF1015,M156,P0584,4.73,202,64.42,Win
PF1016,M156,P0585,1.50,402,100.00,Win
PF1017,M156,P0211,5.32,331,98.93,Loss
PF1018,M156,P0212,5.46,289,4.10,Loss
PF1019,M156,P0213,0.00,415,67.42,Loss
PF1020,M156,P0214,2.93,557,86.68,Loss
PF1021,M156,P0215,0.93,89,1.95,Loss
PF1022,M157,P0381,8.75,123,67.57,Loss
PF1023,M157,P0383,7.61,658,12.70,Loss
PF1024,M157,P0384,0.00,466,51.51,Loss
PF1025,M157,P0385,2.80,340,73.94,Loss
PF1026,M157,P0251,0.18,118,43.85,Win
PF1027,M157,P0252,8.63,125,55.29,Win
PF1028,M157,P0254,5.60,293,83.81,Win
PF1029,M157,P0255,1.21,228,51.04,Win
PF1030,M159,P0251,4.55,589,23.88,
PF1031,M159,P0252,4.72,582,1.00,
PF1032,M159,P0253,0.79,373,100.00,
PF1033,M159,P0254,0.00,124,100.00,
PF1034,M159,P0255,5.91,0,46.18,
PF1035,M159,P0411,2.10,248,1.68,
PF1036,M159,P0412,1.33,433,80.83,
PF1037,M159,P0413,7.83,493,48.70,
PF1038,M159,P0414,4.78,417,100.00,
PF1039,M159,P0415,5.49,491,87.71,
PF1040,M162,P0496,0.00,195,34.80,Win
PF1041,M162,P0497,8.27,613,15.70,Win
PF1042,M162,P0498,6.23,489,7.94,Win
PF1043,M162,P0499,6.47,0,11.15,Win
PF1044,M162,P0500,1.61,209,51.79,Win
PF1045,M162,P0396,5.04,382,100.00,Loss
PF1046,M162,P0397,2.14,577,74.62,Loss
PF1047,M162,P0398,3.61,656,52.96,Loss
PF1048,M162,P0399,2.30,326,57.33,Loss
PF1049,M162,P0400,2.02,621,28.49,Loss
PF1050,M163,P0511,1.93,578,12.65,Loss
PF1051,M163,P0512,8.58,62,82.02,Loss
PF1052,M163,P0513,3.31,457,31.70,Loss
PF1053,M163,P0514,7.33,116,24.44,Loss
PF1054,M163,P0515,0.00,454,42.82,Loss
PF1055,M163,P0177,3.46,342,34.74,Win
PF1056,M163,P0178,1.96,129,96.26,Win
PF1057,M163,P0179,2.55,152,4.49,Win
PF1058,M163,P0180,0.09,0,100.00,Win
PF1059,M164,P0396,0.77,622,100.00,Win
PF1060,M164,P0397,0.00,613,13.72,Win
PF1061,M164,P0398,8.63,398,100.00,Win
PF1062,M164,P0399,7.16,596,37.36,Win
PF1063,M164,P0400,4.55,88,19.71,Win
PF1064,M164,P0426,0.59,552,100.00,Loss
PF1065,M164,P0427,6.31,106,100.00,Loss
PF1066,M164,P0428,4.93,365,88.60,Loss
PF1067,M164,P0429,6.75,485,47.12,Loss
PF1068,M164,P0430,7.31,590,10.92,Loss
PF1069,M165,P0176,0.00,87,100.00,Loss
PF1070,M165,P0177,8.51,683,42.69,Loss
PF1071,M165,P0178,0.35,641,28.85,Loss
PF1072,M165,P0179,7.12,30,97.35,Loss
PF1073,M165,P0180,7.52,296,25.59,Loss
PF1074,M165,P0266,0.12,89,38.81,Win
PF1075,M165,P0267,3.13,482,100.00,Win
PF1076,M165,P0268,8.07,389,57.04,Win
PF1077,M165,P0269,5.92,624,45.24,Win
PF1078,M165,P0270,8.40,281,62.49,Win
PF1079,M166,P0426,0.00,356,20.16,Win
PF1080,M166,P0427,2.92,369,100.00,Win
PF1081,M166,P0428,7.92,373,100.00,Win
PF1082,M166,P0429,5.42,532,10.83,Win
PF1083,M166,P0430,4.45,317,100.00,Win
PF1084,M166,P0596,3.41,533,100.00,Loss
PF1085,M166,P0597,5.87,593,40.41,Loss
PF1086,M166,P0598,7.47,507,90.91,Loss
PF1087,M166,P0599,1.43,153,59.88,Loss
PF1088,M166,P0600,0.53,592,83.49,Loss
PF1089,M168,P0596,5.00,22,75.80,
PF1090,M168,P0597,5.16,506,36.98,
PF1091,M168,P0598,8.93,664,29.06,
PF1092,M168,P0599,0.00,442,93.97,
PF1093,M168,P0600,2.29,38,0.35,
PF1094,M168,P0402,0.00,359,75.32,
PF1095,M168,P0403,7.77,227,82.62,
PF1096,M168,P0404,0.20,534,41.15,
PF1097,M168,P0405,1.95,368,66.62,
PF1098,M171,P0261,0.00,157,77.41,Loss
PF1099,M171,P0262,4.65,635,12.78,Loss
PF1100,M171,P0263,0.00,695,71.75,Loss
PF1101,M171,P0264,5.82,311,34.52,Loss
PF1102,M171,P0265,7.27,339,48.26,Loss
PF1103,M171,P0371,0.00,136,98.34,Win
PF1104,M171,P0372,5.67,324,25.40,Win
PF1105,M171,P0373,3.88,506,56.79,Win
PF1106,M171,P0374,2.87,428,36.10,Win
PF1107,M171,P0375,6.21,336,4.35,Win
PF1108,M172,P0421,7.49,369,15.62,Win
PF1109,M172,P0422,8.45,0,7.49,Win
PF1110,M172,P0423,7.53,573,63.49,Win
PF1111,M172,P0424,4.78,526,3.33,Win
PF1112,M172,P0425,4.20,88,88.81,Win
PF1113,M172,P0351,3.45,409,90.84,Loss
PF1114,M172,P0352,4.17,685,60.79,Loss
PF1115,M172,P0353,0.60,395,98.35,Loss
PF1116,M172,P0354,0.00,655,63.49,Loss
PF1117,M172,P0355,8.49,232,100.00,Loss
PF1118,M173,P0371,7.66,528,40.45,Loss
PF1119,M173,P0372,3.03,559,80.32,Loss
PF1120,M173,P0373,5.76,160,100.00,Loss
PF1121,M173,P0374,2.34,0,100.00,Loss
PF1122,M173,P0375,4.68,157,98.10,Loss
PF1123,M173,P0116,8.81,568,8.27,Win
PF1124,M173,P0117,0.00,40,100.00,Win
PF1125,M173,P0118,7.03,120,60.87,Win
PF1126,M173,P0119,7.77,245,89.68,Win
PF1127,M173,P0120,7.47,555,91.83,Win
PF1128,M174,P0351,5.06,468,53.97,Win
PF1129,M174,P0352,7.86,628,100.00,Win
PF1130,M174,P0353,0.00,203,66.97,Win
PF1131,M174,P0354,4.85,689,60.29,Win
PF1132,M174,P0355,5.36,462,100.00,Win
PF1133,M174,P0021,3.93,212,80.90,Loss
PF1134,M174,P0022,0.00,382,100.00,Loss
PF1135,M174,P0023,0.00,657,73.36,Loss
PF1136,M174,P0024,3.77,344,61.80,Loss
PF1137,M174,P0025,5.69,134,15.99,Loss
PF1138,M175,P0116,2.35,402,42.00,Loss
PF1139,M175,P0117,7.68,463,0.18,Loss
PF1140,M175,P0118,0.00,337,2.51,Loss
PF1141,M175,P0119,1.55,533,27.83,Loss
PF1142,M175,P0120,3.56,3,71.02,Loss
PF1143,M175,P0451,0.64,0,100.00,Win
PF1144,M175,P0452,2.66,419,40.54,Win
PF1145,M175,P0453,6.50,1,13.45,Win
PF1146,M175,P0454,0.00,390,2.33,Win
PF1147,M175,P0455,3.15,399,5.41,Win
PF1148,M177,P0451,3.26,488,22.84,
PF1149,M177,P0452,6.68,184,7.14,
PF1150,M177,P0453,3.11,81,87.33,
PF1151,M177,P0454,0.00,324,86.89,
PF1152,M177,P0455,8.52,492,73.54,
PF1153,M177,P0491,5.71,371,100.00,
PF1154,M177,P0492,0.17,432,100.00,
PF1155,M177,P0493,0.00,462,99.06,
PF1156,M177,P0494,7.23,212,100.00,
PF1157,M177,P0495,2.78,39,100.00,
PF1158,M180,P0071,0.26,45,100.00,Win
PF1159,M180,P0072,0.00,685,61.68,Win
PF1160,M180,P0073,0.00,578,23.31,Win
PF1161,M180,P0074,6.03,382,29.92,Win
PF1162,M180,P0075,6.50,132,100.00,Win
PF1163,M180,P0481,5.91,343,26.97,Loss
PF1164,M180,P0482,3.13,95,79.28,Loss
PF1165,M180,P0483,3.36,382,46.87,Loss
PF1166,M180,P0484,2.76,614,100.00,Loss
PF1167,M180,P0485,2.91,628,87.14,Loss
PF1168,M181,P0206,5.56,554,11.62,Loss
PF1169,M181,P0207,4.89,20,13.18,Loss
PF1170,M181,P0208,3.31,422,100.00,Loss
PF1171,M181,P0209,6.53,82,23.27,Loss
PF1172,M181,P0210,1.92,113,7.54,Loss
PF1173,M181,P0356,7.48,161,23.30,Win
PF1174,M181,P0357,5.67,136,25.34,Win
PF1175,M181,P0358,5.97,625,46.45,Win
PF1176,M181,P0359,7.81,0,76.12,Win
PF1177,M181,P0360,3.39,540,70.69,Win
PF1178,M182,P0481,0.00,538,100.00,Win
PF1179,M182,P0482,3.87,42,46.76,Win
PF1180,M182,P0483,0.00,79,79.62,Win
PF1181,M182,P0484,2.16,67,21.08,Win
PF1182,M182,P0485,8.77,247,100.00,Win
PF1183,M182,P0011,4.56,30,74.79,Loss
PF1184,M182,P0012,8.06,74,19.14,Loss
PF1185,M182,P0013,2.47,321,100.00,Loss
PF1186,M182,P0014,6.83,8,16.07,Loss
PF1187,M182,P0015,0.12,229,29.26,Loss
PF1188,M183,P0356,5.42,500,59.65,Loss
PF1189,M183,P0357,8.29,399,1.09,Loss
PF1190,M183,P0358,1.63,579,38.33,Loss
PF1191,M183,P0359,4.77,301,37.34,Loss
PF1192,M183,P0360,2.92,144,88.62,Loss
PF1193,M183,P0166,0.00,591,1.54,Win
PF1194,M183,P0167,8.13,653,43.35,Win
PF1195,M183,P0168,4.52,562,100.00,Win
PF1196,M183,P0169,2.98,285,76.54,Win
PF1197,M183,P0170,8.93,155,54.04,Win
PF1198,M184,P0011,6.46,314,90.78,Win
PF1199,M184,P0012,8.43,122,5.95,Win
PF1200,M184,P0013,2.10,270,88.87,Win
PF1201,M184,P0014,1.90,336,80.80,Win
PF1202,M184,P0015,0.77,28,78.75,Win
PF1203,M184,P0016,0.08,124,14.14,Loss
PF1204,M184,P0017,7.53,0,25.33,Loss
PF1205,M184,P0018,0.84,77,88.55,Loss
PF1206,M184,P0019,7.88,36,46.46,Loss
PF1207,M184,P0020,2.92,525,92.30,Loss
PF1208,M186,P0016,0.00,296,34.36,
PF1209,M186,P0017,0.00,188,2.18,
PF1210,M186,P0018,3.94,512,73.76,
PF1211,M186,P0019,2.81,0,42.22,
PF1212,M186,P0020,3.71,471,100.00,
PF1213,M186,P0516,3.53,520,100.00,
PF1214,M186,P0517,0.34,675,80.18,
PF1215,M186,P0518,5.02,334,100.00,
PF1216,M186,P0519,6.94,673,60.11,
PF1217,M186,P0520,6.21,161,2.12,
PF1218,M189,P0256,0.00,236,100.00,Loss
PF1219,M189,P0257,4.87,639,84.89,Loss
PF1220,M189,P0258,0.02,168,88.38,Loss
PF1221,M189,P0259,2.70,485,69.10,Loss
PF1222,M189,P0260,6.11,450,9.43,Loss
PF1223,M189,P0241,7.42,518,100.00,Win
PF1224,M189,P0242,4.43,590,28.57,Win
PF1225,M189,P0243,1.62,121,9.43,Win
PF1226,M189,P0244,4.80,17,74.66,Win
PF1227,M189,P0245,1.60,554,25.25,Win
PF1228,M190,P0526,0.00,0,60.26,Win
PF1229,M190,P0527,0.53,441,31.83,Win
PF1230,M190,P0529,2.54,416,96.33,Win
PF1231,M190,P0530,1.27,621,29.83,Win
PF1232,M190,P0576,4.91,51,22.46,Loss
PF1233,M190,P0577,0.00,138,30.03,Loss
PF1234,M190,P0578,0.00,77,57.85,Loss
PF1235,M190,P0579,7.28,481,28.83,Loss
PF1236,M190,P0580,0.60,382,100.00,Loss
PF1237,M191,P0241,7.21,658,75.23,Loss
PF1238,M191,P0242,7.85,0,62.70,Loss
PF1239,M191,P0243,5.13,269,5.90,Loss
PF1240,M191,P0245,5.66,128,70.81,Loss
PF1241,M191,P0291,7.06,82,28.33,Win
PF1242,M191,P0292,0.00,344,34.37,Win
PF1243,M191,P0293,7.57,28,100.00,Win
PF1244,M191,P0294,6.95,313,28.70,Win
PF1245,M191,P0295,0.00,279,35.46,Win
PF1246,M192,P0576,1.44,575,0.76,Win
PF1247,M192,P0577,2.26,542,67.71,Win
PF1248,M192,P0578,2.56,448,5.70,Win
PF1249,M192,P0579,0.00,592,62.82,Win
PF1250,M192,P0580,8.44,303,1.38,Win
PF1251,M192,P0446,2.87,673,57.24,Loss
PF1252,M192,P0447,8.91,128,46.73,Loss
PF1253,M192,P0448,6.49,686,60.82,Loss
PF1254,M192,P0449,2.74,499,17.86,Loss
PF1255,M192,P0450,2.50,591,73.48,Loss
PF1256,M193,P0291,8.30,325,73.03,Loss
PF1257,M193,P0292,6.24,307,91.72,Loss
PF1258,M193,P0293,7.85,509,35.97,Loss
PF1259,M193,P0294,8.67,61,65.92,Loss
PF1260,M193,P0295,3.49,325,95.80,Loss
PF1261,M193,P0141,0.39,675,78.03,Win
PF1262,M193,P0142,4.20,254,3.65,Win
PF1263,M193,P0143,3.33,426,37.02,Win
PF1264,M193,P0144,0.36,131,98.52,Win
PF1265,M193,P0145,4.48,497,67.20,Win
PF1266,M195,P0141,6.41,329,15.08,
PF1267,M195,P0142,2.14,90,97.31,
PF1268,M195,P0143,4.45,677,64.64,
PF1269,M195,P0144,2.07,178,9.09,
PF1270,M195,P0145,7.02,474,77.42,
PF1271,M195,P0091,7.85,312,100.00,
PF1272,M195,P0092,0.00,349,67.98,
PF1273,M195,P0093,0.00,274,100.00,
PF1274,M195,P0094,1.33,324,66.69,
PF1275,M195,P0095,3.85,65,100.00,
PF1276,M198,P0031,2.18,414,75.85,Win
PF1277,M198,P0032,8.02,286,42.53,Win
PF1278,M198,P0033,6.99,220,59.00,Win
PF1279,M198,P0034,0.00,514,50.86,Win
PF1280,M198,P0035,0.48,363,29.00,Win
PF1281,M198,P0186,0.00,219,91.78,Loss
PF1282,M198,P0187,0.00,677,7.69,Loss
PF1283,M198,P0188,8.88,315,100.00,Loss
PF1284,M198,P0189,0.00,23,11.38,Loss
PF1285,M199,P0081,5.23,149,100.00,Loss
PF1286,M199,P0083,0.00,570,90.67,Loss
PF1287,M199,P0084,0.00,88,63.76,Loss
PF1288,M199,P0085,0.84,610,56.30,Loss
PF1289,M199,P0046,0.00,445,12.41,Win
PF1290,M199,P0047,7.63,277,100.00,Win
PF1291,M199,P0048,0.00,389,67.89,Win
PF1292,M199,P0049,8.24,577,62.58,Win
PF1293,M199,P0050,2.09,301,100.00,Win
PF1294,M200,P0186,6.08,518,99.33,Win
PF1295,M200,P0187,3.40,478,83.62,Win
PF1296,M200,P0188,0.00,0,22.92,Win
PF1297,M200,P0189,4.89,696,3.93,Win
PF1298,M200,P0190,0.47,646,69.67,Win
PF1299,M200,P0591,5.51,413,100.00,Loss
PF1300,M200,P0592,7.18,328,43.20,Loss
PF1301,M200,P0593,6.02,0,76.57,Loss
PF1302,M200,P0594,7.26,0,100.00,Loss
PF1303,M200,P0595,0.00,512,13.36,Loss
