Player_ID,First_Name,Last_Name,Gamer_Handle_IGN,Gender,DOB,Email,Phone,Country,MMR_Rating
P0001,Riya,Kapoor,NovaRiya92,Female,2001-05-26,riyakapoor0001@estcgp.gg,+17918072278,USA,2462
P0002,John,Patel,SilentJohn98,Male,1999-11-27,johnpatel0002@estcgp.gg,+918025297138,India,616
P0003,John,Khan,CrimsonJohn7,Male,2003-04-19,johnkhan0003@estcgp.gg,+918688289409,India,0
P0004,Alex,Khan,RapidAlex98,Male,1996-02-20,alexkhan0004@estcgp.gg,+17589104524,USA,2464
P0005,John,Yadav,BlazeJohn70,Male,2001-09-13,johnyadav0005@estcgp.gg,+18286398353,USA,3654
P0006,Sara,Shah,NovaSara4,Female,2000-05-03,sarashah0006@estcgp.gg,+18600632729,USA,3400
P0007,Sam,Patel,SilentSam92,Male,1998-12-01,sampatel0007@estcgp.gg,+917460224377,India,3299
P0008,John,Patel,PrimeJohn21,Male,2000-02-11,johnpatel0008@estcgp.gg,+919694608099,India,2731
P0009,Aman,Khan,NexusAman98,Male,2005-11-23,amankhan0009@estcgp.gg,+918247391568,India,3249
P0010,Aman,Khan,RogueAman50,Male,1996-02-04,amankhan0010@estcgp.gg,+918324825635,India,3197
P0011,Sara,Joshi,HyperSara39,Female,2000-03-26,sarajoshi0011@estcgp.gg,+917642081425,India,3950
P0012,Sara,Khan,QuantumSara36,Female,1996-09-01,sarakhan0012@estcgp.gg,+919285808911,India,2544
P0013,Sam,Chopra,PrimeSam21,Male,2001-04-08,samchopra0013@estcgp.gg,+18610542756,USA,4363
P0014,Sara,Khan,HyperSara75,Female,2003-07-09,sarakhan0014@estcgp.gg,+917666025434,India,462
P0015,Alex,Gupta,PhoenixAlex61,Male,2004-08-07,alexgupta0015@estcgp.gg,+18613063789,USA,1224
P0016,Aman,Chopra,NeonAman65,Male,1999-01-19,amanchopra0016@estcgp.gg,+917146854195,India,3389
P0017,Alex,Yadav,IronAlex18,Male,1998-03-04,alexyadav0017@estcgp.gg,+917023654180,India,3091
P0018,John,Yadav,SilentJohn93,Male,2000-02-16,johnyadav0018@estcgp.gg,+919453194401,India,4026
P0019,Alex,Joshi,PhoenixAlex55,Male,1999-12-24,alexjoshi0019@estcgp.gg,+19787601554,USA,518
P0020,Alex,Khan,BlazeAlex39,Male,1996-09-01,alexkhan0020@estcgp.gg,+919925518011,India,4299
P0021,Alex,Patel,PrimeAlex97,Male,1998-11-02,alexpatel0021@estcgp.gg,+19150420349,USA,1016
P0022,Sam,Khan,CrimsonSam13,Male,2000-04-16,samkhan0022@estcgp.gg,+17092401274,USA,3927
P0023,John,Yadav,HyperJohn98,Male,2004-09-01,johnyadav0023@estcgp.gg,+919453780461,India,2625
P0024,Riya,Yadav,NovaRiya68,Female,2001-11-08,riyayadav0024@estcgp.gg,+919611888158,India,1244
P0025,Aman,Khan,TitanAman2,Male,2007-07-08,amankhan0025@estcgp.gg,+919190537627,India,3384
P0026,John,Khan,KnightJohn46,Male,1997-06-05,johnkhan0026@estcgp.gg,+919004811660,India,2623
P0027,John,Mehta,LunaJohn37,Male,1998-11-12,johnmehta0027@estcgp.gg,+917973245731,India,3823
P0028,Aman,Singh,BlazeAman93,Male,2005-02-09,amansingh0028@estcgp.gg,+917573500641,India,4996
P0029,John,Khan,RapidJohn83,Male,1998-10-04,johnkhan0029@estcgp.gg,+917242486387,India,1945
P0030,Riya,Singh,ShadowRiya60,Female,1998-10-24,riyasingh0030@estcgp.gg,+919197116015,India,0
P0031,Sara,Sharma,NeonSara74,Female,2002-10-27,sarasharma0031@estcgp.gg,+19452660570,USA,2370
P0032,Aman,Yadav,SilentAman36,Male,2004-07-03,amanyadav0032@estcgp.gg,+918908915561,India,2031
P0033,Sam,Patel,NexusSam27,Male,2001-07-22,sampatel0033@estcgp.gg,+17535096683,USA,4018
P0034,Sara,Yadav,ApexSara99,Female,2006-06-13,sarayadav0034@estcgp.gg,+919490889674,India,4921
P0035,Sara,Singh,PhoenixSara58,Female,2003-07-10,sarasingh0035@estcgp.gg,+917112715908,India,2304
P0036,Aman,Khan,VortexAman96,Male,2002-07-16,amankhan0036@estcgp.gg,+19423155108,USA,4290
P0037,John,Yadav,ShadowJohn19,Male,1996-02-09,johnyadav0037@estcgp.gg,+17925526548,USA,2957
P0038,Riya,Jackson,StormRiya56,Female,2004-06-10,riyajackson0038@estcgp.gg,+919280270352,India,4002
P0039,Sam,Patel,OmegaSam12,Male,2004-05-01,sampatel0039@estcgp.gg,+917875490814,India,2909
P0040,Riya,Khan,ApexRiya71,Female,2007-02-21,riyakhan0040@estcgp.gg,+917552310362,India,4252
P0041,Riya,Patel,FrostRiya3,Female,2002-11-07,riyapatel0041@estcgp.gg,+918346001266,India,2946
P0042,Alex,Patel,NovaAlex30,Male,1998-12-06,alexpatel0042@estcgp.gg,+917211665900,India,0
P0043,Sara,Verma,DragonSara91,Female,2002-10-06,saraverma0043@estcgp.gg,+919832293882,India,1704
P0044,Sam,Patel,PulseSam66,Male,2002-12-03,sampatel0044@estcgp.gg,+19091257311,USA,588
P0045,Aman,Khan,CrimsonAman7,Male,1998-02-02,amankhan0045@estcgp.gg,+918497546416,India,3587
P0046,Sara,Yadav,ApexSara91,Female,2004-09-25,sarayadav0046@estcgp.gg,+917748333644,India,1004
P0047,Aman,Yadav,PixelAman34,Male,2002-05-14,amanyadav0047@estcgp.gg,+918277478305,India,3779
P0048,Riya,Khan,PrimeRiya37,Female,2000-10-23,riyakhan0048@estcgp.gg,+919379324799,India,3546
P0049,Riya,Yadav,ApexRiya21,Female,2007-04-04,riyayadav0049@estcgp.gg,+919800293311,India,2386
P0050,Alex,Patel,BlazeAlex29,Male,1996-02-25,alexpatel0050@estcgp.gg,+18092616450,USA,3589
P0051,Sara,Khan,NeonSara57,Female,2005-05-04,sarakhan0051@estcgp.gg,+917443270072,India,3268
P0052,Sam,Patel,RapidSam54,Male,2005-02-02,sampatel0052@estcgp.gg,+19471788104,USA,4571
P0053,Alex,Shah,NeonAlex43,Male,1998-12-16,alexshah0053@estcgp.gg,+918002209742,India,123
P0054,Aman,Singh,ApexAman90,Male,2001-02-01,amansingh0054@estcgp.gg,+919104362075,India,4558
P0055,Alex,Patel,PrimeAlex18,Male,1997-05-15,alexpatel0055@estcgp.gg,+917065748844,India,1167
P0056,John,Khan,BlazeJohn32,Male,2007-01-21,johnkhan0056@estcgp.gg,+919235486847,India,2244
P0057,Sara,Singh,ShadowSara46,Female,2001-03-14,sarasingh0057@estcgp.gg,+918873867200,India,2127
P0058,Riya,Patel,TitanRiya25,Female,2001-06-25,riyapatel0058@estcgp.gg,+918498846249,India,3776
P0059,Sara,Patel,IronSara22,Female,1997-03-24,sarapatel0059@estcgp.gg,+917686952002,India,2015
P0060,Sam,Brown,PrimeSam99,Male,2006-07-02,sambrown0060@estcgp.gg,+919573959485,India,4664
P0061,Aman,Khan,StormAman20,Male,1997-08-14,amankhan0061@estcgp.gg,+919369342562,India,3425
P0062,Sam,Khan,CyberSam55,Male,2002-01-13,samkhan0062@estcgp.gg,+918691256520,India,4448
P0063,John,Singh,FrostJohn77,Male,1997-09-08,johnsingh0063@estcgp.gg,+918722081784,India,4183
P0064,Aman,Mehta,HyperAman14,Male,2004-01-26,amanmehta0064@estcgp.gg,+918981521049,India,1146
P0065,Sara,Patel,TitanSara19,Female,2004-09-24,sarapatel0065@estcgp.gg,+918942786374,India,4989
P0066,Alex,Yadav,ShadowAlex31,Male,2004-01-18,alexyadav0066@estcgp.gg,+917809279952,India,3522
P0067,Aman,Singh,VortexAman55,Male,2002-01-16,amansingh0067@estcgp.gg,+918172239807,India,710
P0068,John,Yadav,RogueJohn79,Male,1996-06-07,johnyadav0068@estcgp.gg,+18971212840,USA,4612
P0069,Sara,Yadav,PrimeSara97,Female,1998-08-25,sarayadav0069@estcgp.gg,+917884895215,India,4123
P0070,Aman,Singh,RogueAman29,Male,2005-07-02,amansingh0070@estcgp.gg,+918678321918,India,4461
P0071,John,Bansal,VortexJohn55,Male,2006-12-07,johnbansal0071@estcgp.gg,+919422340307,India,882
P0072,Alex,Gupta,HyperAlex68,Male,1999-01-02,alexgupta0072@estcgp.gg,+17071363159,USA,3310
P0073,Sara,Yadav,RogueSara65,Female,2007-11-20,sarayadav0073@estcgp.gg,+18688400302,USA,1822
P0074,Sara,Khan,NeonSara76,Female,1998-08-03,sarakhan0074@estcgp.gg,+919114511688,India,4779
P0075,Aman,Kumar,SilentAman89,Male,2006-08-03,amankumar0075@estcgp.gg,+919296512567,India,4329
P0076,Sara,Patel,OmegaSara23,Female,2004-01-02,sarapatel0076@estcgp.gg,+919101013816,India,3149
P0077,Sara,Yadav,PrimeSara90,Female,1999-12-04,sarayadav0077@estcgp.gg,+917117572164,India,0
P0078,Riya,Kapoor,NovaRiya54,Female,2004-04-15,riyakapoor0078@estcgp.gg,+919062577707,India,1004
P0079,Alex,Davis,SilentAlex20,Male,1996-04-09,alexdavis0079@estcgp.gg,+919145011232,India,3049
P0080,Sara,Patel,FrostSara73,Female,1998-03-26,sarapatel0080@estcgp.gg,+17074089493,USA,1122
P0081,Sam,Khan,NeonSam25,Male,1997-05-06,samkhan0081@estcgp.gg,+919986422912,India,2467
P0082,Sam,Patel,ApexSam60,Male,2003-01-20,sampatel0082@estcgp.gg,+918067698960,India,585
P0083,Riya,Patel,ApexRiya50,Female,1997-02-24,riyapatel0083@estcgp.gg,+919556188928,India,1219
P0084,Sara,Yadav,IronSara8,Female,2004-12-06,sarayadav0084@estcgp.gg,+917824671635,India,3527
P0085,Sara,Singh,StormSara93,Female,2007-01-13,sarasingh0085@estcgp.gg,+919683867486,India,3418
P0086,Sam,Patel,BlazeSam58,Male,2003-11-26,sampatel0086@estcgp.gg,+918410605596,India,2012
P0087,Riya,Brown,VortexRiya18,Female,2006-10-21,riyabrown0087@estcgp.gg,+917753194564,India,621
P0088,Riya,Mehta,PhoenixRiya10,Female,1999-10-17,riyamehta0088@estcgp.gg,+919456123044,India,1841
P0089,Alex,Patel,RogueAlex80,Male,2002-09-26,alexpatel0089@estcgp.gg,+917728358487,India,2779
P0090,Sara,Singh,NitroSara58,Female,2002-04-25,sarasingh0090@estcgp.gg,+918326375602,India,4400
P0091,Riya,Yadav,HyperRiya31,Female,1996-02-25,riyayadav0091@estcgp.gg,+918900220333,India,2598
P0092,Sam,Singh,QuantumSam3,Male,2007-11-26,samsingh0092@estcgp.gg,+917796196304,India,823
P0093,John,Yadav,QuantumJohn78,Male,2007-08-07,johnyadav0093@estcgp.gg,+919405591905,India,955
P0094,Sam,Yadav,LunaSam75,Male,2004-12-20,samyadav0094@estcgp.gg,+917002291011,India,4224
P0095,Alex,Singh,PhoenixAlex52,Male,2001-04-15,alexsingh0095@estcgp.gg,+917077196365,India,440
P0096,Sam,Singh,VortexSam43,Male,2000-02-05,samsingh0096@estcgp.gg,+917152647080,India,3070
P0097,Sam,Patel,ViperSam47,Male,2003-01-03,sampatel0097@estcgp.gg,+917324642402,India,537
P0098,Alex,Kapoor,DragonAlex23,Male,1997-10-25,alexkapoor0098@estcgp.gg,+919853053874,India,4420
P0099,Riya,Khan,HyperRiya74,Female,2007-10-16,riyakhan0099@estcgp.gg,+19455161359,USA,1217
P0100,Aman,Yadav,PhoenixAman3,Male,2007-01-15,amanyadav0100@estcgp.gg,+19197172536,USA,4945
P0101,John,Yadav,ApexJohn53,Male,2005-06-18,johnyadav0101@estcgp.gg,+918481215864,India,1178
P0102,Alex,Kulkarni,CyberAlex20,Male,2002-02-20,alexkulkarni0102@estcgp.gg,+17899320628,USA,3006
P0103,Aman,Singh,RogueAman75,Male,1997-10-05,amansingh0103@estcgp.gg,+917319182460,India,704
P0104,Riya,Singh,TitanRiya86,Female,2000-11-16,riyasingh0104@estcgp.gg,+918224907043,India,338
P0105,Sara,Khan,ViperSara74,Female,2002-04-16,sarakhan0105@estcgp.gg,+917830485718,India,4436
P0106,Sam,Chopra,HyperSam26,Male,2000-01-03,samchopra0106@estcgp.gg,+918313413884,India,152
P0107,Riya,Patel,PrimeRiya67,Female,2003-01-22,riyapatel0107@estcgp.gg,+917203298248,India,4260
P0108,John,Yadav,StormJohn83,Male,1997-08-20,johnyadav0108@estcgp.gg,+918313250394,India,1888
P0109,Sara,Yadav,LunaSara42,Female,1997-10-20,sarayadav0109@estcgp.gg,+919961898275,India,3505
P0110,John,Yadav,OmegaJohn22,Male,1996-05-16,johnyadav0110@estcgp.gg,+917089025162,India,3065
P0111,John,Patel,TitanJohn96,Male,2004-06-02,johnpatel0111@estcgp.gg,+918253458451,India,2620
P0112,Riya,Singh,LunaRiya55,Female,2002-01-14,riyasingh0112@estcgp.gg,+917573639069,India,400
P0113,John,Patel,DragonJohn47,Male,1996-06-05,johnpatel0113@estcgp.gg,+917715116591,India,2286
P0114,Riya,Yadav,PulseRiya93,Female,2006-07-08,riyayadav0114@estcgp.gg,+918285391709,India,1872
P0115,Sam,Khan,ViperSam41,Male,2004-08-07,samkhan0115@estcgp.gg,+917098747305,India,4574
P0116,Sara,Patel,NitroSara46,Female,1998-01-08,sarapatel0116@estcgp.gg,+917943767455,India,2616
P0117,Sam,Khan,OmegaSam37,Male,2005-07-27,samkhan0117@estcgp.gg,+919230289696,India,2243
P0118,Alex,Patel,DragonAlex34,Male,1996-01-24,alexpatel0118@estcgp.gg,+17818080396,USA,4253
P0119,Aman,Khan,BlazeAman14,Male,1997-09-24,amankhan0119@estcgp.gg,+918037985648,India,4740
P0120,Sam,Patel,CyberSam72,Male,2002-07-15,sampatel0120@estcgp.gg,+18265234699,USA,2133
P0121,John,Khan,PixelJohn56,Male,2007-07-10,johnkhan0121@estcgp.gg,+919789504584,India,4476
P0122,Sara,Khan,ApexSara27,Female,1997-08-08,sarakhan0122@estcgp.gg,+917452579200,India,2372
P0123,Sara,Taylor,LunaSara12,Female,1997-06-07,sarataylor0123@estcgp.gg,+917725477227,India,267
P0124,Sara,Martin,IronSara66,Female,2001-07-08,saramartin0124@estcgp.gg,+17814798857,USA,1871
P0125,Riya,Yadav,HyperRiya89,Female,1997-11-11,riyayadav0125@estcgp.gg,+918769178414,India,2388
P0126,Sam,Singh,GhostSam73,Male,2002-07-13,samsingh0126@estcgp.gg,+17324072120,USA,1969
P0127,Riya,Yadav,NitroRiya89,Female,2002-09-06,riyayadav0127@estcgp.gg,+18123543252,USA,2103
P0128,Aman,Yadav,RapidAman19,Male,2002-08-18,amanyadav0128@estcgp.gg,+917292015616,India,224
P0129,Aman,Khan,ShadowAman81,Male,1997-06-21,amankhan0129@estcgp.gg,+919650457799,India,4440
P0130,Alex,Singh,RogueAlex21,Male,2002-10-14,alexsingh0130@estcgp.gg,+919218548177,India,261
P0131,Riya,Patel,KnightRiya81,Female,1997-11-07,riyapatel0131@estcgp.gg,+918709806460,India,1435
P0132,Aman,Singh,ViperAman86,Male,1997-10-23,amansingh0132@estcgp.gg,+17886125646,USA,2289
P0133,John,Khan,LunaJohn67,Male,2006-07-14,johnkhan0133@estcgp.gg,+919101014102,India,4315
P0134,Alex,Brown,PulseAlex35,Male,1999-07-19,alexbrown0134@estcgp.gg,+917310250891,India,2374
P0135,Sara,Singh,GhostSara25,Female,2003-12-15,sarasingh0135@estcgp.gg,+917030913819,India,4713
P0136,John,Khan,FrostJohn48,Male,2000-08-27,johnkhan0136@estcgp.gg,+18180548974,USA,0
P0137,Sara,Yadav,PulseSara99,Female,2006-05-24,sarayadav0137@estcgp.gg,+918448082137,India,1012
P0138,John,Patel,NexusJohn12,Male,2000-03-02,johnpatel0138@estcgp.gg,+918354267398,India,487
P0139,Sam,Singh,PulseSam34,Male,1998-04-25,samsingh0139@estcgp.gg,+19797356438,USA,4890
P0140,Sam,Patel,ApexSam23,Male,2005-06-01,sampatel0140@estcgp.gg,+19052423244,USA,2052
P0141,Riya,Singh,GhostRiya54,Female,2005-07-15,riyasingh0141@estcgp.gg,+918817913106,India,880
P0142,John,Khan,PulseJohn2,Male,2000-03-08,johnkhan0142@estcgp.gg,+917300092062,India,1574
P0143,Sam,Yadav,FrostSam27,Male,1996-02-14,samyadav0143@estcgp.gg,+18022541980,USA,1538
P0144,Riya,Khan,ViperRiya70,Female,2003-12-06,riyakhan0144@estcgp.gg,+918422191300,India,3194
P0145,Aman,Jain,IronAman79,Male,2004-02-04,amanjain0145@estcgp.gg,+918816420040,India,2270
P0146,Sara,Khan,ApexSara81,Female,2002-01-15,sarakhan0146@estcgp.gg,+918262240705,India,3137
P0147,Aman,Yadav,VortexAman15,Male,2005-05-09,amanyadav0147@estcgp.gg,+917878408655,India,4512
P0148,Aman,Patel,NovaAman38,Male,2003-10-03,amanpatel0148@estcgp.gg,+919011610363,India,1895
P0149,Aman,Yadav,GhostAman64,Male,2007-11-15,amanyadav0149@estcgp.gg,+917727591981,India,1802
P0150,Sam,Singh,SilentSam54,Male,1999-10-09,samsingh0150@estcgp.gg,+919011851136,India,4375
P0151,Sam,Brown,RogueSam20,Male,2007-06-28,sambrown0151@estcgp.gg,+918156108447,India,607
P0152,Sam,Yadav,ApexSam63,Male,2001-11-18,samyadav0152@estcgp.gg,+17141142764,USA,2957
P0153,Sara,Khan,PulseSara98,Female,1999-07-27,sarakhan0153@estcgp.gg,+919309662349,India,1941
P0154,Aman,Patel,StormAman50,Male,2000-06-14,amanpatel0154@estcgp.gg,+919639586412,India,3771
P0155,Riya,Patel,PrimeRiya65,Female,2005-11-02,riyapatel0155@estcgp.gg,+19061019930,USA,3450
P0156,Alex,Singh,QuantumAlex40,Male,2005-01-25,alexsingh0156@estcgp.gg,+918425664971,India,3594
P0157,Aman,Singh,RapidAman7,Male,1997-10-14,amansingh0157@estcgp.gg,+917346288826,India,4879
P0158,Sara,Singh,StormSara10,Female,1999-11-26,sarasingh0158@estcgp.gg,+919924468023,India,4430
P0159,Riya,Yadav,HyperRiya63,Female,2004-08-01,riyayadav0159@estcgp.gg,+17550175129,USA,2293
P0160,Sara,Khan,VortexSara24,Female,1999-01-01,sarakhan0160@estcgp.gg,+17462189455,USA,822
P0161,Alex,Khan,PulseAlex39,Male,1996-09-05,alexkhan0161@estcgp.gg,+18267081697,USA,3053
P0162,Alex,Das,LunaAlex58,Male,1996-12-26,alexdas0162@estcgp.gg,+919492883369,India,3187
P0163,Sam,Patel,RogueSam30,Male,2007-08-04,sampatel0163@estcgp.gg,+918272933928,India,4579
P0164,Sam,Yadav,WolfSam82,Male,1996-01-16,samyadav0164@estcgp.gg,+18178813813,USA,3451
P0165,Sam,Patel,FrostSam14,Male,2003-09-06,sampatel0165@estcgp.gg,+17613604647,USA,1139
P0166,Alex,Singh,SilentAlex4,Male,1996-11-11,alexsingh0166@estcgp.gg,+919342678847,India,4698
P0167,Sam,Patel,CyberSam82,Male,1996-05-06,sampatel0167@estcgp.gg,+918193073376,India,727
P0168,Sam,Patel,PixelSam27,Male,2006-10-13,sampatel0168@estcgp.gg,+918528729493,India,4374
P0169,Alex,Khan,CyberAlex10,Male,2000-09-08,alexkhan0169@estcgp.gg,+18403158932,USA,3367
P0170,Sara,Khan,BlazeSara69,Female,2002-03-28,sarakhan0170@estcgp.gg,+917168204505,India,3175
P0171,John,Singh,NeonJohn87,Male,1999-11-20,johnsingh0171@estcgp.gg,+19009465650,USA,920
P0172,Sara,Patel,CrimsonSara87,Female,2000-01-03,sarapatel0172@estcgp.gg,+917245803362,India,3453
P0173,John,Patel,NexusJohn61,Male,2007-02-22,johnpatel0173@estcgp.gg,+918146618466,India,3031
P0174,Aman,Nair,GhostAman33,Male,1997-08-21,amannair0174@estcgp.gg,+919644641713,India,2420
P0175,Sam,Kulkarni,BlazeSam42,Male,2003-10-01,samkulkarni0175@estcgp.gg,+919529799899,India,670
P0176,Alex,Khan,RogueAlex33,Male,2004-05-06,alexkhan0176@estcgp.gg,+918244362549,India,3422
P0177,Sam,Kapoor,RogueSam22,Male,2001-07-15,samkapoor0177@estcgp.gg,+919289913214,India,3713
P0178,Alex,Singh,PulseAlex55,Male,1998-08-08,alexsingh0178@estcgp.gg,+919222451655,India,0
P0179,John,Patel,NovaJohn42,Male,1998-11-20,johnpatel0179@estcgp.gg,+917628542287,India,2398
P0180,John,Khan,PhoenixJohn72,Male,1998-11-11,johnkhan0180@estcgp.gg,+917439887620,India,23
P0181,John,Khan,CyberJohn66,Male,2005-12-17,johnkhan0181@estcgp.gg,+918931477433,India,1458
P0182,Riya,Yadav,ShadowRiya75,Female,2005-06-01,riyayadav0182@estcgp.gg,+917895413975,India,3859
P0183,Aman,Yadav,NitroAman50,Male,2004-12-14,amanyadav0183@estcgp.gg,+919162222183,India,713
P0184,Sam,Yadav,PrimeSam91,Male,2004-01-02,samyadav0184@estcgp.gg,+919513326575,India,2162
P0185,John,Singh,ViperJohn8,Male,1999-06-27,johnsingh0185@estcgp.gg,+917677549277,India,2499
P0186,Aman,Yadav,PhoenixAman23,Male,1997-10-24,amanyadav0186@estcgp.gg,+919044855129,India,822
P0187,John,Yadav,FrostJohn55,Male,2006-03-28,johnyadav0187@estcgp.gg,+918770275837,India,4121
P0188,Riya,Patel,PhoenixRiya96,Female,2005-05-23,riyapatel0188@estcgp.gg,+17914598227,USA,4916
P0189,Sara,Khan,PixelSara88,Female,2006-01-02,sarakhan0189@estcgp.gg,+918764511145,India,2435
P0190,John,Davis,QuantumJohn85,Male,2007-12-08,johndavis0190@estcgp.gg,+918901765118,India,584
P0191,Aman,Patel,NeonAman8,Male,2004-05-07,amanpatel0191@estcgp.gg,+919875335397,India,4010
P0192,John,Patel,SilentJohn15,Male,2006-12-28,johnpatel0192@estcgp.gg,+918170331920,India,3732
P0193,Sara,Singh,OmegaSara58,Female,2006-06-22,sarasingh0193@estcgp.gg,+918381147695,India,1639
P0194,Alex,Yadav,CyberAlex90,Male,2003-04-11,alexyadav0194@estcgp.gg,+917548723065,India,3944
P0195,Aman,Khan,CyberAman50,Male,1999-11-09,amankhan0195@estcgp.gg,+17836491849,USA,4757
P0196,Sam,Yadav,NovaSam60,Male,2004-06-15,samyadav0196@estcgp.gg,+919786332185,India,4924
P0197,Aman,Singh,IronAman16,Male,2002-06-23,amansingh0197@estcgp.gg,+918681002851,India,3613
P0198,Sara,Patel,ViperSara68,Female,2005-08-02,sarapatel0198@estcgp.gg,+17512955336,USA,4434
P0199,John,Patel,ApexJohn81,Male,2003-02-08,johnpatel0199@estcgp.gg,+917190099019,India,4389
P0200,John,Patel,ViperJohn4,Male,2003-07-18,johnpatel0200@estcgp.gg,+918190533524,India,4735
P0201,Sam,Patel,OmegaSam6,Male,2004-04-11,sampatel0201@estcgp.gg,+19145066235,USA,3279
P0202,Aman,Singh,WolfAman78,Male,2000-12-11,amansingh0202@estcgp.gg,+17524292514,USA,4476
P0203,John,Martin,RapidJohn52,Male,2005-03-27,johnmartin0203@estcgp.gg,+919339884944,India,2115
P0204,John,Mehta,TitanJohn89,Male,1999-03-06,johnmehta0204@estcgp.gg,+919481811896,India,323
P0205,Sara,Davis,RapidSara67,Female,1998-05-17,saradavis0205@estcgp.gg,+919506147392,India,2387
P0206,Sara,Singh,HyperSara80,Female,2003-04-11,sarasingh0206@estcgp.gg,+918121488201,India,1552
P0207,Sara,Singh,KnightSara43,Female,1997-06-02,sarasingh0207@estcgp.gg,+918039234574,India,1120
P0208,Sam,Khan,ViperSam44,Male,1999-01-22,samkhan0208@estcgp.gg,+19483952798,USA,4401
P0209,Alex,Singh,OmegaAlex2,Male,1999-01-17,alexsingh0209@estcgp.gg,+919282670276,India,2177
P0210,Aman,Yadav,FrostAman6,Male,2000-01-04,amanyadav0210@estcgp.gg,+918070291624,India,1877
P0211,John,Yadav,ApexJohn69,Male,2003-03-11,johnyadav0211@estcgp.gg,+919903782175,India,431
P0212,Alex,Davis,WolfAlex50,Male,2007-02-24,alexdavis0212@estcgp.gg,+919783557533,India,1993
P0213,Riya,Singh,CyberRiya54,Female,2001-10-07,riyasingh0213@estcgp.gg,+19380484057,USA,2868
P0214,Aman,Patel,GhostAman90,Male,1998-09-02,amanpatel0214@estcgp.gg,+18279510112,USA,4783
P0215,Sam,Yadav,NovaSam17,Male,1999-08-01,samyadav0215@estcgp.gg,+919488959750,India,1676
P0216,Alex,Singh,ApexAlex33,Male,2003-02-21,alexsingh0216@estcgp.gg,+917400799792,India,3055
P0217,Sam,Singh,NeonSam39,Male,1999-06-22,samsingh0217@estcgp.gg,+919079927950,India,3654
P0218,Sara,Patel,WolfSara17,Female,1998-06-21,sarapatel0218@estcgp.gg,+19162277767,USA,4502
P0219,Alex,Singh,PulseAlex13,Male,2006-11-12,alexsingh0219@estcgp.gg,+19300173909,USA,1347
P0220,John,Patel,OmegaJohn15,Male,2003-11-04,johnpatel0220@estcgp.gg,+918948576365,India,4150
P0221,Riya,Yadav,IronRiya63,Female,2001-09-02,riyayadav0221@estcgp.gg,+919003287406,India,3340
P0222,John,Jackson,ShadowJohn32,Male,2000-12-19,johnjackson0222@estcgp.gg,+919838368349,India,4029
P0223,Sara,Singh,PhoenixSara39,Female,2003-12-16,sarasingh0223@estcgp.gg,+918988412326,India,9
P0224,Sara,Khan,NitroSara59,Female,1999-05-17,sarakhan0224@estcgp.gg,+917187183383,India,387
P0225,Riya,Patel,IronRiya30,Female,1998-06-20,riyapatel0225@estcgp.gg,+918503378559,India,2588
P0226,Sara,Patel,BlazeSara87,Female,1996-06-17,sarapatel0226@estcgp.gg,+917849963475,India,4038
P0227,Sam,Patel,ViperSam36,Male,1999-12-17,sampatel0227@estcgp.gg,+917493502727,India,1043
P0228,John,Singh,TitanJohn11,Male,2005-09-26,johnsingh0228@estcgp.gg,+917896471412,India,3017
P0229,Alex,Yadav,IronAlex39,Male,2004-08-27,alexyadav0229@estcgp.gg,+918179033822,India,2443
P0230,Alex,Singh,PhoenixAlex49,Male,1998-07-13,alexsingh0230@estcgp.gg,+919565871343,India,3005
P0231,John,Patel,QuantumJohn2,Male,1998-02-11,johnpatel0231@estcgp.gg,+917325300774,India,2967
P0232,John,Singh,RapidJohn16,Male,1998-09-16,johnsingh0232@estcgp.gg,+919589620879,India,1512
P0233,Alex,Joshi,RogueAlex19,Male,2003-04-17,alexjoshi0233@estcgp.gg,+917929080872,India,1809
P0234,Riya,Singh,WolfRiya15,Female,2001-04-24,riyasingh0234@estcgp.gg,+17737014489,USA,137
P0235,John,Yadav,NeonJohn36,Male,2003-01-13,johnyadav0235@estcgp.gg,+918545665089,India,3109
P0236,Aman,Patel,QuantumAman66,Male,1999-09-08,amanpatel0236@estcgp.gg,+917202141854,India,3677
P0237,Sara,Patel,BlazeSara50,Female,1998-01-22,sarapatel0237@estcgp.gg,+917941435700,India,1758
P0238,Aman,Shah,HyperAman67,Male,2005-11-11,amanshah0238@estcgp.gg,+919070120301,India,3352
P0239,Riya,Patel,HyperRiya33,Female,2007-12-17,riyapatel0239@estcgp.gg,+17973512351,USA,1713
P0240,Alex,Yadav,NitroAlex73,Male,2004-03-05,alexyadav0240@estcgp.gg,+18279319791,USA,1277
P0241,Sara,Khan,SilentSara19,Female,2004-02-03,sarakhan0241@estcgp.gg,+917749159553,India,3840
P0242,Riya,Patel,QuantumRiya84,Female,2005-05-10,riyapatel0242@estcgp.gg,+919601069190,India,1031
P0243,Sam,Patel,SilentSam49,Male,2000-09-27,sampatel0243@estcgp.gg,+919040401782,India,4894
P0244,Sara,Khan,ApexSara60,Female,1998-01-20,sarakhan0244@estcgp.gg,+918557873855,India,2736
P0245,Sara,Patel,NitroSara75,Female,2004-06-14,sarapatel0245@estcgp.gg,+917552505743,India,3439
P0246,John,Patel,SilentJohn49,Male,2001-07-11,johnpatel0246@estcgp.gg,+919191370918,India,2455
P0247,John,Yadav,NitroJohn84,Male,2007-11-04,johnyadav0247@estcgp.gg,+918976008548,India,3715
P0248,Riya,Singh,IronRiya57,Female,2006-10-15,riyasingh0248@estcgp.gg,+19934134468,USA,4257
P0249,Riya,Singh,ShadowRiya23,Female,1999-01-20,riyasingh0249@estcgp.gg,+919674980424,India,2581
P0250,Sara,Yadav,TitanSara20,Female,2005-02-09,sarayadav0250@estcgp.gg,+917698556623,India,127
P0251,John,Patel,NovaJohn51,Male,2006-02-02,johnpatel0251@estcgp.gg,+917893718093,India,359
P0252,John,Singh,GhostJohn49,Male,2005-08-22,johnsingh0252@estcgp.gg,+918438015381,India,1408
P0253,Sara,Yadav,KnightSara79,Female,1996-04-13,sarayadav0253@estcgp.gg,+918688729572,India,431
P0254,Aman,Singh,GhostAman83,Male,1998-11-28,amansingh0254@estcgp.gg,+918655525399,India,520
P0255,Alex,Desai,ApexAlex48,Male,1997-12-21,alexdesai0255@estcgp.gg,+917687380866,India,2997
P0256,Sara,Patel,RogueSara68,Female,2006-08-14,sarapatel0256@estcgp.gg,+19576858486,USA,0
P0257,Alex,Khan,PulseAlex12,Male,1999-04-14,alexkhan0257@estcgp.gg,+918409619867,India,950
P0258,Sara,Khan,PixelSara65,Female,1997-05-24,sarakhan0258@estcgp.gg,+17164081453,USA,4322
P0259,Alex,Patel,StormAlex79,Male,2005-10-02,alexpatel0259@estcgp.gg,+917308930489,India,202
P0260,Riya,Khan,IronRiya49,Female,2000-01-20,riyakhan0260@estcgp.gg,+917790382470,India,477
P0261,Sara,Yadav,PulseSara96,Female,2004-11-06,sarayadav0261@estcgp.gg,+19157333652,USA,630
P0262,Sam,Patel,HyperSam6,Male,2002-08-12,sampatel0262@estcgp.gg,+918419089725,India,1681
P0263,Sam,Joshi,WolfSam75,Male,2007-10-15,samjoshi0263@estcgp.gg,+917439078314,India,1864
P0264,Aman,Singh,NovaAman40,Male,2006-02-03,amansingh0264@estcgp.gg,+19906169212,USA,2881
P0265,Sam,Singh,PulseSam13,Male,2005-10-26,samsingh0265@estcgp.gg,+918642640788,India,702
P0266,Sam,Singh,RogueSam55,Male,1996-12-21,samsingh0266@estcgp.gg,+18437844549,USA,4629
P0267,Aman,Thomas,CyberAman66,Male,2005-02-10,amanthomas0267@estcgp.gg,+918961043997,India,398
P0268,John,Singh,GhostJohn67,Male,2004-08-14,johnsingh0268@estcgp.gg,+919529249579,India,3928
P0269,John,Singh,CyberJohn44,Male,1996-05-08,johnsingh0269@estcgp.gg,+919485527301,India,4332
P0270,Sara,Singh,PrimeSara3,Female,2006-09-06,sarasingh0270@estcgp.gg,+919112056039,India,3937
P0271,Sara,Kulkarni,PixelSara20,Female,2005-06-20,sarakulkarni0271@estcgp.gg,+917938206646,India,599
P0272,Sara,Kapoor,BlazeSara35,Female,2001-08-01,sarakapoor0272@estcgp.gg,+919006818088,India,49
P0273,Sam,Patel,BlazeSam68,Male,2007-06-13,sampatel0273@estcgp.gg,+19169946750,USA,2231
P0274,Alex,Singh,LunaAlex76,Male,2007-04-09,alexsingh0274@estcgp.gg,+917405386388,India,3251
P0275,Sam,Singh,CrimsonSam8,Male,2003-09-20,samsingh0275@estcgp.gg,+919269753372,India,3769
P0276,Sara,Khan,CrimsonSara99,Female,2002-11-05,sarakhan0276@estcgp.gg,+918145572320,India,4735
P0277,John,Jain,NeonJohn35,Male,2003-10-24,johnjain0277@estcgp.gg,+919073189113,India,646
P0278,Aman,Khan,RogueAman67,Male,1997-05-02,amankhan0278@estcgp.gg,+917305648862,India,0
P0279,Riya,Khan,SilentRiya83,Female,2006-04-22,riyakhan0279@estcgp.gg,+18904384872,USA,4141
P0280,Sam,Wilson,ViperSam27,Male,2001-08-24,samwilson0280@estcgp.gg,+919397365374,India,2012
P0281,Alex,Yadav,QuantumAlex90,Male,1999-10-04,alexyadav0281@estcgp.gg,+918968619240,India,1312
P0282,Alex,Singh,LunaAlex47,Male,2001-03-17,alexsingh0282@estcgp.gg,+917001651882,India,0
P0283,Sara,Khan,GhostSara55,Female,2000-11-18,sarakhan0283@estcgp.gg,+917517347792,India,2682
P0284,Riya,Patel,StormRiya65,Female,2007-07-13,riyapatel0284@estcgp.gg,+917905262542,India,855
P0285,John,Khan,RapidJohn11,Male,2006-03-04,johnkhan0285@estcgp.gg,+917949664225,India,2093
P0286,John,Patel,StormJohn35,Male,2001-12-01,johnpatel0286@estcgp.gg,+919377223277,India,995
P0287,Riya,Patel,HyperRiya87,Female,2005-06-01,riyapatel0287@estcgp.gg,+917680885426,India,799
P0288,Sara,Patel,NitroSara85,Female,2004-03-05,sarapatel0288@estcgp.gg,+919079507548,India,4863
P0289,Aman,Khan,CrimsonAman71,Male,2005-03-27,amankhan0289@estcgp.gg,+917588201148,India,2626
P0290,Sara,Kapoor,ShadowSara76,Female,1999-05-13,sarakapoor0290@estcgp.gg,+917949629813,India,1278
P0291,John,Patel,QuantumJohn3,Male,2001-07-28,johnpatel0291@estcgp.gg,+918570085262,India,3547
P0292,Alex,Patel,GhostAlex85,Male,2002-08-07,alexpatel0292@estcgp.gg,+917895528738,India,4104
P0293,John,Yadav,LunaJohn86,Male,1997-10-05,johnyadav0293@estcgp.gg,+917680300926,India,1489
P0294,Aman,Singh,PixelAman36,Male,2003-06-12,amansingh0294@estcgp.gg,+917572407275,India,971
P0295,John,Khan,PixelJohn82,Male,2000-12-21,johnkhan0295@estcgp.gg,+919989806497,India,4149
P0296,John,Yadav,SilentJohn96,Male,1996-01-28,johnyadav0296@estcgp.gg,+19334529290,USA,4064
P0297,Riya,Khan,FrostRiya71,Female,1998-06-03,riyakhan0297@estcgp.gg,+919189780788,India,4792
P0298,Aman,Khan,ViperAman14,Male,1998-11-01,amankhan0298@estcgp.gg,+918290047993,India,1406
P0299,John,Singh,ViperJohn22,Male,1999-03-23,johnsingh0299@estcgp.gg,+917018205559,India,4447
P0300,Sara,Patel,RogueSara94,Female,2004-05-26,sarapatel0300@estcgp.gg,+18238858257,USA,4065
P0301,Aman,Khan,NexusAman48,Male,2006-05-02,amankhan0301@estcgp.gg,+919071791513,India,1404
P0302,Riya,Singh,NeonRiya85,Female,1996-11-21,riyasingh0302@estcgp.gg,+918685555080,India,2850
P0303,Alex,Khan,KnightAlex56,Male,2001-10-26,alexkhan0303@estcgp.gg,+918123736245,India,2742
P0304,Aman,Patel,GhostAman56,Male,1998-01-02,amanpatel0304@estcgp.gg,+19414564378,USA,2510
P0305,Sam,Patel,LunaSam18,Male,2001-06-10,sampatel0305@estcgp.gg,+918719420177,India,12
P0306,Sam,Yadav,NovaSam58,Male,2002-02-01,samyadav0306@estcgp.gg,+918284198656,India,810
P0307,Alex,Bansal,ShadowAlex41,Male,1998-02-24,alexbansal0307@estcgp.gg,+918466235171,India,3074
P0308,Alex,Johnson,OmegaAlex96,Male,2000-06-13,alexjohnson0308@estcgp.gg,+19056581100,USA,3765
P0309,John,Patel,PixelJohn2,Male,2003-11-18,johnpatel0309@estcgp.gg,+917833910843,India,1397
P0310,Sam,Yadav,ShadowSam99,Male,1996-08-19,samyadav0310@estcgp.gg,+917216624768,India,1849
P0311,Sam,Singh,NexusSam65,Male,2002-08-15,samsingh0311@estcgp.gg,+917422570764,India,4682
P0312,Riya,Patel,FrostRiya99,Female,2006-03-23,riyapatel0312@estcgp.gg,+917304933545,India,3173
P0313,Sam,Patel,DragonSam46,Male,1998-06-06,sampatel0313@estcgp.gg,+919307303437,India,2505
P0314,John,Patel,BlazeJohn13,Male,2001-04-13,johnpatel0314@estcgp.gg,+918764809628,India,3014
P0315,Alex,Singh,FrostAlex57,Male,2003-10-10,alexsingh0315@estcgp.gg,+918764015738,India,4127
P0316,Sam,Khan,PhoenixSam46,Male,2006-01-25,samkhan0316@estcgp.gg,+919851673243,India,4947
P0317,Sam,Khan,CyberSam22,Male,2004-08-27,samkhan0317@estcgp.gg,+919351622857,India,603
P0318,Aman,Patel,GhostAman31,Male,2004-11-17,amanpatel0318@estcgp.gg,+17339518556,USA,713
P0319,Aman,Yadav,NitroAman15,Male,2000-05-27,amanyadav0319@estcgp.gg,+918285296225,India,1076
P0320,Sam,Patel,PixelSam25,Male,2005-07-18,sampatel0320@estcgp.gg,+19514801232,USA,657
P0321,Sara,Patel,ApexSara35,Female,2006-07-19,sarapatel0321@estcgp.gg,+18932470284,USA,1490
P0322,Riya,Khan,VortexRiya17,Female,2005-09-14,riyakhan0322@estcgp.gg,+918650133694,India,1825
P0323,Aman,Mehta,ViperAman27,Male,2004-06-16,amanmehta0323@estcgp.gg,+917872479176,India,4138
P0324,Aman,Patel,ApexAman25,Male,2005-08-21,amanpatel0324@estcgp.gg,+917655204234,India,3546
P0325,John,Yadav,OmegaJohn90,Male,2003-11-05,johnyadav0325@estcgp.gg,+917443562758,India,421
P0326,John,Yadav,NeonJohn95,Male,2005-05-11,johnyadav0326@estcgp.gg,+917883541819,India,941
P0327,Riya,Yadav,ShadowRiya99,Female,2002-09-20,riyayadav0327@estcgp.gg,+918240058788,India,4989
P0328,John,Patel,DragonJohn1,Male,2007-05-04,johnpatel0328@estcgp.gg,+918096649299,India,132
P0329,Riya,Yadav,TitanRiya88,Female,2002-04-19,riyayadav0329@estcgp.gg,+919860340994,India,3212
P0330,Riya,Yadav,LunaRiya45,Female,1998-10-26,riyayadav0330@estcgp.gg,+18298155677,USA,1565
P0331,Sara,Taylor,WolfSara40,Female,2003-01-13,sarataylor0331@estcgp.gg,+918839944274,India,4112
P0332,Riya,Patel,VortexRiya15,Female,1997-06-27,riyapatel0332@estcgp.gg,+18263602036,USA,2558
P0333,John,Martin,BlazeJohn95,Male,2004-03-07,johnmartin0333@estcgp.gg,+917038139726,India,3270
P0334,Alex,Yadav,PulseAlex27,Male,2002-04-02,alexyadav0334@estcgp.gg,+919900977352,India,305
P0335,Alex,Malhotra,PixelAlex20,Male,1999-01-05,alexmalhotra0335@estcgp.gg,+917946165419,India,4249
P0336,Sam,Singh,HyperSam71,Male,2006-07-10,samsingh0336@estcgp.gg,+919382984537,India,670
P0337,Sara,Patel,LunaSara23,Female,2004-06-27,sarapatel0337@estcgp.gg,+919292181979,India,2661
P0338,Sam,Singh,CyberSam54,Male,2003-11-08,samsingh0338@estcgp.gg,+918241085572,India,4991
P0339,Sara,Yadav,QuantumSara9,Female,1998-09-14,sarayadav0339@estcgp.gg,+918914107846,India,1685
P0340,Alex,Singh,FrostAlex61,Male,1999-11-23,alexsingh0340@estcgp.gg,+917434044014,India,4855
P0341,Sara,Khan,ApexSara23,Female,2001-09-20,sarakhan0341@estcgp.gg,+917292234613,India,980
P0342,Aman,Singh,DragonAman46,Male,2001-02-14,amansingh0342@estcgp.gg,+19192414503,USA,4280
P0343,Riya,Singh,CrimsonRiya31,Female,2007-04-10,riyasingh0343@estcgp.gg,+917282114527,India,3462
P0344,Riya,Singh,KnightRiya9,Female,2001-03-16,riyasingh0344@estcgp.gg,+17559394401,USA,4408
P0345,Aman,Malhotra,GhostAman9,Male,2001-01-07,amanmalhotra0345@estcgp.gg,+919911415169,India,4648
P0346,Aman,Khan,HyperAman46,Male,2002-02-07,amankhan0346@estcgp.gg,+918978282686,India,2899
P0347,John,Patel,DragonJohn61,Male,2000-06-09,johnpatel0347@estcgp.gg,+917691863108,India,1203
P0348,Riya,Singh,CyberRiya28,Female,2002-07-12,riyasingh0348@estcgp.gg,+19964557248,USA,2726
P0349,Aman,Khan,ApexAman77,Male,2007-03-05,amankhan0349@estcgp.gg,+919001017208,India,2604
P0350,Sam,Yadav,GhostSam41,Male,2004-07-11,samyadav0350@estcgp.gg,+919840520143,India,3326
P0351,Riya,Khan,DragonRiya97,Female,1999-11-13,riyakhan0351@estcgp.gg,+17845317868,USA,3576
P0352,Alex,Khan,PrimeAlex1,Male,2005-11-16,alexkhan0352@estcgp.gg,+919544865400,India,2185
P0353,Riya,Desai,LunaRiya13,Female,2001-08-14,riyadesai0353@estcgp.gg,+917589005402,India,2617
P0354,Riya,Khan,PulseRiya46,Female,2004-05-17,riyakhan0354@estcgp.gg,+18422220622,USA,3473
P0355,Aman,Yadav,NexusAman90,Male,2007-10-05,amanyadav0355@estcgp.gg,+918365917628,India,74
P0356,Sara,Singh,VortexSara66,Female,2000-03-17,sarasingh0356@estcgp.gg,+17215641813,USA,3972
P0357,Sam,Jain,VortexSam50,Male,2004-09-07,samjain0357@estcgp.gg,+919690946386,India,3036
P0358,Riya,Khan,OmegaRiya57,Female,1998-09-04,riyakhan0358@estcgp.gg,+918475200438,India,354
P0359,John,Singh,TitanJohn95,Male,1998-05-21,johnsingh0359@estcgp.gg,+918309129161,India,3018
P0360,Aman,Khan,NovaAman20,Male,1998-07-24,amankhan0360@estcgp.gg,+919217359882,India,2650
P0361,Sam,Khan,ShadowSam53,Male,2006-03-25,samkhan0361@estcgp.gg,+919966946447,India,378
P0362,Sara,Mehta,QuantumSara38,Female,2005-07-03,saramehta0362@estcgp.gg,+918384397346,India,284
P0363,John,Yadav,BlazeJohn90,Male,2006-03-26,johnyadav0363@estcgp.gg,+18439323219,USA,3675
P0364,John,Patel,NitroJohn92,Male,2002-02-28,johnpatel0364@estcgp.gg,+917401468498,India,3943
P0365,Alex,Sharma,CyberAlex21,Male,1997-06-11,alexsharma0365@estcgp.gg,+19864022656,USA,4801
P0366,Aman,Brown,SilentAman20,Male,2002-10-20,amanbrown0366@estcgp.gg,+918350912856,India,2011
P0367,Alex,Patel,ViperAlex66,Male,1999-07-07,alexpatel0367@estcgp.gg,+917519213002,India,988
P0368,Sara,Wilson,PixelSara37,Female,2001-10-22,sarawilson0368@estcgp.gg,+918183979015,India,1003
P0369,Aman,Yadav,QuantumAman4,Male,2000-08-16,amanyadav0369@estcgp.gg,+919395996629,India,2803
P0370,Sam,Yadav,NexusSam99,Male,1999-11-25,samyadav0370@estcgp.gg,+918206310125,India,915
P0371,John,Singh,StormJohn29,Male,2005-03-16,johnsingh0371@estcgp.gg,+919965048518,India,1282
P0372,Sam,Khan,NexusSam8,Male,1998-08-18,samkhan0372@estcgp.gg,+917100638111,India,1073
P0373,John,Miller,CrimsonJohn5,Male,2005-10-16,johnmiller0373@estcgp.gg,+19270259507,USA,3616
P0374,Riya,Khan,LunaRiya51,Female,2006-06-24,riyakhan0374@estcgp.gg,+918856750303,India,3062
P0375,Sara,Singh,CrimsonSara54,Female,2004-03-18,sarasingh0375@estcgp.gg,+919512451430,India,3681
P0376,Sam,Yadav,LunaSam39,Male,2003-11-16,samyadav0376@estcgp.gg,+18897412239,USA,3
P0377,Riya,Singh,VortexRiya95,Female,2004-11-19,riyasingh0377@estcgp.gg,+19449711679,USA,4624
P0378,Alex,Khan,ApexAlex58,Male,2002-09-23,alexkhan0378@estcgp.gg,+917039486175,India,2199
P0379,John,Singh,KnightJohn20,Male,2005-04-15,johnsingh0379@estcgp.gg,+919860755712,India,2335
P0380,Riya,Patel,IronRiya99,Female,2005-11-27,riyapatel0380@estcgp.gg,+919019042425,India,4910
P0381,Riya,Singh,ViperRiya67,Female,1998-03-10,riyasingh0381@estcgp.gg,+917944187775,India,2954
P0382,Aman,Brown,NeonAman81,Male,1996-04-03,amanbrown0382@estcgp.gg,+917903077582,India,2923
P0383,Sam,Khan,CrimsonSam69,Male,1997-03-18,samkhan0383@estcgp.gg,+919644515631,India,2091
P0384,Aman,Yadav,CrimsonAman60,Male,1998-07-12,amanyadav0384@estcgp.gg,+918683080377,India,2572
P0385,John,Khan,NeonJohn27,Male,2002-06-04,johnkhan0385@estcgp.gg,+919734113390,India,2864
P0386,Sara,Khan,PhoenixSara91,Female,1999-11-01,sarakhan0386@estcgp.gg,+919747478524,India,3327
P0387,Aman,Patel,VortexAman6,Male,1996-08-18,amanpatel0387@estcgp.gg,+918488907171,India,1346
P0388,Sara,Singh,TitanSara64,Female,1996-08-13,sarasingh0388@estcgp.gg,+919759455904,India,2174
P0389,Alex,Chopra,TitanAlex64,Male,2003-05-05,alexchopra0389@estcgp.gg,+19968654964,USA,1819
P0390,Riya,Gupta,FrostRiya5,Female,2007-08-06,riyagupta0390@estcgp.gg,+19228103916,USA,4126
P0391,Aman,Taylor,NitroAman43,Male,2002-10-21,amantaylor0391@estcgp.gg,+918264996339,India,911
P0392,Sara,Patel,CrimsonSara64,Female,2004-01-11,sarapatel0392@estcgp.gg,+918377933858,India,1271
P0393,Sam,Singh,NitroSam46,Male,1998-10-23,samsingh0393@estcgp.gg,+919719192132,India,2714
P0394,Sam,Davis,VortexSam35,Male,1998-10-01,samdavis0394@estcgp.gg,+917702321346,India,2528
P0395,Riya,Patel,LunaRiya42,Female,2006-12-01,riyapatel0395@estcgp.gg,+917160173823,India,3714
P0396,Aman,Singh,ShadowAman44,Male,2003-03-08,amansingh0396@estcgp.gg,+918883072919,India,3263
P0397,Riya,Yadav,RapidRiya56,Female,1999-04-18,riyayadav0397@estcgp.gg,+917521003609,India,1856
P0398,Sam,Singh,VortexSam30,Male,2006-12-18,samsingh0398@estcgp.gg,+918898200749,India,378
P0399,Alex,Yadav,VortexAlex80,Male,1996-10-23,alexyadav0399@estcgp.gg,+918676288638,India,3684
P0400,Aman,Khan,StormAman65,Male,1997-10-27,amankhan0400@estcgp.gg,+17403901442,USA,119
P0401,Sam,Khan,KnightSam61,Male,1999-11-06,samkhan0401@estcgp.gg,+919463473379,India,4843
P0402,Sara,Kapoor,SilentSara51,Female,2005-06-09,sarakapoor0402@estcgp.gg,+918505134342,India,1302
P0403,Sara,Yadav,CyberSara65,Female,2006-10-04,sarayadav0403@estcgp.gg,+18995287878,USA,1644
P0404,Sam,Iyer,BlazeSam22,Male,2001-11-07,samiyer0404@estcgp.gg,+17309271447,USA,463
P0405,Aman,Williams,SilentAman50,Male,2007-05-11,amanwilliams0405@estcgp.gg,+918167003295,India,708
P0406,Aman,Singh,QuantumAman64,Male,2004-03-07,amansingh0406@estcgp.gg,+918861732907,India,2306
P0407,Riya,Yadav,StormRiya13,Female,1998-09-26,riyayadav0407@estcgp.gg,+919948230224,India,913
P0408,Sara,Singh,ApexSara34,Female,2007-10-26,sarasingh0408@estcgp.gg,+917210242485,India,2016
P0409,John,Khan,StormJohn59,Male,2002-09-18,johnkhan0409@estcgp.gg,+919404335885,India,3934
P0410,Sara,Kapoor,PrimeSara31,Female,1996-03-28,sarakapoor0410@estcgp.gg,+919030612516,India,2962
P0411,Alex,Khan,IronAlex4,Male,1998-01-24,alexkhan0411@estcgp.gg,+17504991029,USA,654
P0412,Alex,Khan,NitroAlex59,Male,2007-05-16,alexkhan0412@estcgp.gg,+919797294254,India,2439
P0413,Aman,Yadav,NitroAman86,Male,1999-04-03,amanyadav0413@estcgp.gg,+918868922768,India,907
P0414,John,Khan,SilentJohn61,Male,2000-06-28,johnkhan0414@estcgp.gg,+919988114824,India,3544
P0415,Riya,Patel,KnightRiya48,Female,2004-12-24,riyapatel0415@estcgp.gg,+918016144923,India,3619
P0416,Riya,Singh,NovaRiya31,Female,1999-08-11,riyasingh0416@estcgp.gg,+17239774264,USA,3411
P0417,Sara,Yadav,KnightSara49,Female,2007-10-02,sarayadav0417@estcgp.gg,+918668407752,India,2892
P0418,Sam,Khan,GhostSam53,Male,2003-09-17,samkhan0418@estcgp.gg,+17600086946,USA,2015
P0419,Riya,Singh,RapidRiya35,Female,2007-10-21,riyasingh0419@estcgp.gg,+917051614206,India,3274
P0420,John,Khan,WolfJohn66,Male,2007-09-03,johnkhan0420@estcgp.gg,+18905486261,USA,2786
P0421,Riya,Khan,NeonRiya36,Female,1996-09-24,riyakhan0421@estcgp.gg,+17337485796,USA,1254
P0422,Sara,Yadav,FrostSara99,Female,2002-07-28,sarayadav0422@estcgp.gg,+918048578418,India,1338
P0423,Alex,Kulkarni,NexusAlex23,Male,2000-12-28,alexkulkarni0423@estcgp.gg,+918024753848,India,4664
P0424,Sam,Yadav,FrostSam41,Male,2007-11-15,samyadav0424@estcgp.gg,+919240610941,India,1116
P0425,Sam,Desai,PixelSam72,Male,1999-07-19,samdesai0425@estcgp.gg,+918463841365,India,1459
P0426,Sara,Singh,IronSara53,Female,1996-11-04,sarasingh0426@estcgp.gg,+917324040223,India,418
P0427,Sam,Patel,SilentSam60,Male,1996-07-07,sampatel0427@estcgp.gg,+917576781442,India,674
P0428,Alex,Yadav,BlazeAlex28,Male,1997-05-26,alexyadav0428@estcgp.gg,+919082944071,India,2549
P0429,John,Patel,GhostJohn98,Male,1996-09-08,johnpatel0429@estcgp.gg,+918950760864,India,4834
P0430,Sam,Singh,TitanSam84,Male,1999-12-23,samsingh0430@estcgp.gg,+17003778538,USA,2050
P0431,John,Jain,CyberJohn75,Male,2004-06-15,johnjain0431@estcgp.gg,+919542090712,India,3222
P0432,Aman,Singh,FrostAman56,Male,2006-07-23,amansingh0432@estcgp.gg,+18934940780,USA,1315
P0433,Alex,Patel,NexusAlex65,Male,2001-07-08,alexpatel0433@estcgp.gg,+18879773470,USA,811
P0434,John,Patel,CyberJohn32,Male,2006-08-20,johnpatel0434@estcgp.gg,+19474588954,USA,2606
P0435,Alex,Singh,GhostAlex59,Male,2004-01-05,alexsingh0435@estcgp.gg,+918770876808,India,4714
P0436,Sam,Yadav,CyberSam50,Male,2003-10-04,samyadav0436@estcgp.gg,+918099042995,India,2252
P0437,John,Patel,OmegaJohn70,Male,1999-11-04,johnpatel0437@estcgp.gg,+917231954104,India,2541
P0438,Aman,Singh,DragonAman87,Male,2001-09-12,amansingh0438@estcgp.gg,+919939240140,India,272
P0439,Aman,Singh,CyberAman61,Male,2006-11-28,amansingh0439@estcgp.gg,+917068259326,India,2984
P0440,Riya,Yadav,DragonRiya59,Female,1999-10-24,riyayadav0440@estcgp.gg,+918109209083,India,3621
P0441,Sara,Thomas,PhoenixSara85,Female,1996-05-11,sarathomas0441@estcgp.gg,+919802030630,India,1701
P0442,John,Mehta,ViperJohn24,Male,2004-03-11,johnmehta0442@estcgp.gg,+919061341677,India,3854
P0443,Riya,Singh,NexusRiya97,Female,2004-05-25,riyasingh0443@estcgp.gg,+919172031435,India,3316
P0444,Sam,Khan,NitroSam60,Male,2007-01-04,samkhan0444@estcgp.gg,+917952705665,India,1296
P0445,Alex,Malhotra,VortexAlex73,Male,2004-09-12,alexmalhotra0445@estcgp.gg,+919428212392,India,197
P0446,Alex,Patel,ShadowAlex2,Male,2006-12-02,alexpatel0446@estcgp.gg,+917176291019,India,2373
P0447,Riya,Khan,RogueRiya70,Female,2005-01-01,riyakhan0447@estcgp.gg,+917434630873,India,3122
P0448,Sam,Patel,DragonSam74,Male,1999-02-21,sampatel0448@estcgp.gg,+917727344819,India,4661
P0449,Sara,Singh,RogueSara39,Female,1999-07-14,sarasingh0449@estcgp.gg,+919029921040,India,3206
P0450,Sam,Taylor,GhostSam8,Male,1999-02-15,samtaylor0450@estcgp.gg,+919517325028,India,3883
P0451,John,Patel,OmegaJohn48,Male,2002-02-01,johnpatel0451@estcgp.gg,+919171047562,India,1730
P0452,Riya,Patel,LunaRiya57,Female,1999-04-23,riyapatel0452@estcgp.gg,+917747690328,India,318
P0453,Riya,Verma,ApexRiya10,Female,1999-09-02,riyaverma0453@estcgp.gg,+917642422572,India,1099
P0454,Sara,Khan,OmegaSara21,Female,2007-03-18,sarakhan0454@estcgp.gg,+917660076904,India,597
P0455,Aman,Khan,NitroAman27,Male,2006-09-08,amankhan0455@estcgp.gg,+917156812542,India,427
P0456,John,Kulkarni,WolfJohn35,Male,1996-04-07,johnkulkarni0456@estcgp.gg,+19620570822,USA,1242
P0457,Sara,Khan,CyberSara98,Female,1997-11-19,sarakhan0457@estcgp.gg,+17219153522,USA,4221
P0458,Alex,Singh,DragonAlex2,Male,2003-03-08,alexsingh0458@estcgp.gg,+17718494049,USA,2742
P0459,Sara,Pillai,PulseSara44,Female,1999-02-19,sarapillai0459@estcgp.gg,+919574777376,India,1266
P0460,Sam,Patel,CrimsonSam38,Male,1996-10-05,sampatel0460@estcgp.gg,+918923543211,India,1161
P0461,Riya,Khan,SilentRiya85,Female,1998-06-20,riyakhan0461@estcgp.gg,+918178807837,India,4653
P0462,Alex,Joshi,RogueAlex94,Male,1998-01-04,alexjoshi0462@estcgp.gg,+917760036997,India,4848
P0463,Aman,Khan,ViperAman91,Male,2001-03-20,amankhan0463@estcgp.gg,+918638389891,India,1306
P0464,Sara,Shah,ShadowSara9,Female,1998-02-23,sarashah0464@estcgp.gg,+919689639909,India,1576
P0465,Sam,Khan,CrimsonSam83,Male,1998-07-23,samkhan0465@estcgp.gg,+917391685577,India,3409
P0466,Aman,Yadav,PrimeAman3,Male,2005-02-17,amanyadav0466@estcgp.gg,+919960344056,India,4527
P0467,Aman,Khan,NitroAman35,Male,2005-03-04,amankhan0467@estcgp.gg,+917184177672,India,725
P0468,Riya,Khan,CyberRiya23,Female,2003-06-13,riyakhan0468@estcgp.gg,+918251039333,India,3009
P0469,Sara,Yadav,PulseSara92,Female,1997-04-05,sarayadav0469@estcgp.gg,+917814255276,India,1519
P0470,Alex,Yadav,HyperAlex22,Male,2000-08-22,alexyadav0470@estcgp.gg,+918741634994,India,2001
P0471,Alex,Desai,HyperAlex5,Male,1997-11-10,alexdesai0471@estcgp.gg,+917318275919,India,1940
P0472,Sam,Yadav,ViperSam25,Male,2007-05-20,samyadav0472@estcgp.gg,+919355410283,India,1168
P0473,Riya,Iyer,RogueRiya37,Female,1999-02-05,riyaiyer0473@estcgp.gg,+917638788381,India,1273
P0474,Sam,Martin,TitanSam28,Male,2006-10-20,sammartin0474@estcgp.gg,+919955361397,India,210
P0475,Riya,Singh,FrostRiya63,Female,1996-05-06,riyasingh0475@estcgp.gg,+919286565446,India,2428
P0476,Alex,Singh,CrimsonAlex14,Male,2002-08-14,alexsingh0476@estcgp.gg,+919182257756,India,1809
P0477,Riya,Singh,NexusRiya73,Female,1997-04-26,riyasingh0477@estcgp.gg,+18014435080,USA,4944
P0478,Riya,Khan,VortexRiya19,Female,1997-01-12,riyakhan0478@estcgp.gg,+917358124644,India,1791
P0479,John,Nair,NeonJohn28,Male,1998-12-07,johnnair0479@estcgp.gg,+918692622463,India,336
P0480,Aman,Patel,SilentAman55,Male,1996-01-20,amanpatel0480@estcgp.gg,+918548354864,India,1204
P0481,Aman,Chopra,PulseAman64,Male,2003-08-28,amanchopra0481@estcgp.gg,+19544806851,USA,4758
P0482,Alex,Singh,SilentAlex83,Male,2005-12-02,alexsingh0482@estcgp.gg,+917381471914,India,3117
P0483,Alex,Patel,KnightAlex34,Male,2007-08-20,alexpatel0483@estcgp.gg,+917924658147,India,4059
P0484,Sam,Yadav,ShadowSam39,Male,2004-08-15,samyadav0484@estcgp.gg,+918196062950,India,1137
P0485,Alex,Khan,KnightAlex23,Male,2005-04-23,alexkhan0485@estcgp.gg,+918766745581,India,926
P0486,John,Iyer,ViperJohn81,Male,1996-08-14,johniyer0486@estcgp.gg,+919111379225,India,198
P0487,Sam,Patel,QuantumSam71,Male,2007-05-12,sampatel0487@estcgp.gg,+919756924136,India,4253
P0488,Sara,Yadav,NovaSara1,Female,2001-11-20,sarayadav0488@estcgp.gg,+918015811826,India,764
P0489,Riya,Singh,PrimeRiya73,Female,2004-07-06,riyasingh0489@estcgp.gg,+918496071111,India,1958
P0490,Aman,Singh,QuantumAman47,Male,2000-09-03,amansingh0490@estcgp.gg,+917612865798,India,1942
P0491,Sam,Khan,CyberSam93,Male,2006-03-17,samkhan0491@estcgp.gg,+17822114866,USA,3719
P0492,Alex,Patel,RapidAlex16,Male,2003-03-07,alexpatel0492@estcgp.gg,+919690427673,India,4346
P0493,Sara,Yadav,RogueSara37,Female,2004-08-12,sarayadav0493@estcgp.gg,+917347951439,India,3540
P0494,John,Singh,NitroJohn22,Male,1997-11-15,johnsingh0494@estcgp.gg,+918899685184,India,2848
P0495,Sara,Yadav,CyberSara57,Female,2000-01-26,sarayadav0495@estcgp.gg,+919291919662,India,3774
P0496,Alex,Singh,StormAlex7,Male,1996-03-17,alexsingh0496@estcgp.gg,+917659759522,India,1976
P0497,Sam,Sharma,RapidSam99,Male,2002-10-06,samsharma0497@estcgp.gg,+19883728428,USA,1225
P0498,Sara,Brown,HyperSara11,Female,2005-12-17,sarabrown0498@estcgp.gg,+918120906738,India,3891
P0499,Sam,Singh,TitanSam92,Male,2000-05-25,samsingh0499@estcgp.gg,+918029801296,India,3043
P0500,Riya,Patel,LunaRiya93,Female,2007-03-22,riyapatel0500@estcgp.gg,+919028067241,India,1145
P0501,Alex,Patel,OmegaAlex36,Male,2000-10-21,alexpatel0501@estcgp.gg,+917342344592,India,2451
P0502,Sara,Yadav,LunaSara78,Female,2005-03-26,sarayadav0502@estcgp.gg,+918582016595,India,2452
P0503,Riya,Singh,LunaRiya81,Female,2003-11-01,riyasingh0503@estcgp.gg,+918359088807,India,7
P0504,Sara,Martin,StormSara30,Female,2006-03-05,saramartin0504@estcgp.gg,+917173838809,India,4549
P0505,Riya,Jackson,StormRiya27,Female,2000-11-09,riyajackson0505@estcgp.gg,+917957504407,India,3838
P0506,Alex,Khan,RapidAlex3,Male,2000-05-08,alexkhan0506@estcgp.gg,+19482626365,USA,4155
P0507,Aman,Patel,KnightAman78,Male,2003-01-11,amanpatel0507@estcgp.gg,+918696034499,India,3094
P0508,Sam,Khan,ShadowSam47,Male,1999-06-21,samkhan0508@estcgp.gg,+917296029581,India,2902
P0509,Sara,Patel,VortexSara41,Female,2000-08-02,sarapatel0509@estcgp.gg,+918967976615,India,1817
P0510,Sara,Khan,StormSara84,Female,1996-02-25,sarakhan0510@estcgp.gg,+919664049353,India,4174
P0511,Aman,Patel,NitroAman60,Male,2005-09-18,amanpatel0511@estcgp.gg,+18935507495,USA,3711
P0512,Sam,Davis,NovaSam19,Male,1997-07-03,samdavis0512@estcgp.gg,+918763238972,India,4135
P0513,Riya,Khan,IronRiya34,Female,2005-04-11,riyakhan0513@estcgp.gg,+917521038472,India,1745
P0514,Aman,Khan,HyperAman71,Male,2004-07-21,amankhan0514@estcgp.gg,+919602567659,India,3351
P0515,John,Khan,WolfJohn89,Male,2007-02-16,johnkhan0515@estcgp.gg,+918501088319,India,533
P0516,Riya,Pillai,TitanRiya19,Female,2004-09-03,riyapillai0516@estcgp.gg,+918490142559,India,722
P0517,Aman,Kumar,LunaAman29,Male,2002-05-27,amankumar0517@estcgp.gg,+919167744978,India,3065
P0518,Sara,Yadav,NitroSara69,Female,1996-10-26,sarayadav0518@estcgp.gg,+17407326064,USA,852
P0519,Sam,Khan,PrimeSam84,Male,2002-01-23,samkhan0519@estcgp.gg,+917080146521,India,1699
P0520,Aman,Khan,PixelAman93,Male,2000-09-15,amankhan0520@estcgp.gg,+919885566001,India,1851
P0521,Sara,Yadav,ApexSara66,Female,1999-11-26,sarayadav0521@estcgp.gg,+917567852550,India,4915
P0522,Riya,Thomas,NitroRiya31,Female,2004-11-24,riyathomas0522@estcgp.gg,+919778788386,India,3815
P0523,Alex,Singh,CyberAlex7,Male,2005-12-12,alexsingh0523@estcgp.gg,+917117075270,India,3058
P0524,John,Patel,ShadowJohn28,Male,2005-11-04,johnpatel0524@estcgp.gg,+919604790756,India,4473
P0525,Sam,Yadav,VortexSam93,Male,2001-07-02,samyadav0525@estcgp.gg,+919418122955,India,804
P0526,Sam,Yadav,NitroSam4,Male,2005-07-03,samyadav0526@estcgp.gg,+919128310838,India,957
P0527,Sam,Khan,TitanSam63,Male,2004-05-11,samkhan0527@estcgp.gg,+918744826194,India,1660
P0528,Alex,Yadav,WolfAlex27,Male,2003-06-19,alexyadav0528@estcgp.gg,+918073441793,India,2200
P0529,Riya,Mehta,ApexRiya34,Female,2007-11-14,riyamehta0529@estcgp.gg,+17620387963,USA,4890
P0530,Sara,Yadav,ViperSara3,Female,2002-09-23,sarayadav0530@estcgp.gg,+917846714376,India,4323
P0531,Sara,Khan,RogueSara5,Female,2005-10-28,sarakhan0531@estcgp.gg,+918660439225,India,2475
P0532,Aman,Singh,HyperAman43,Male,2002-07-01,amansingh0532@estcgp.gg,+917022155334,India,3234
P0533,John,Singh,PrimeJohn63,Male,2003-01-24,johnsingh0533@estcgp.gg,+917120310109,India,1718
P0534,John,Khan,PixelJohn89,Male,2007-03-09,johnkhan0534@estcgp.gg,+918541107376,India,682
P0535,John,Singh,ApexJohn55,Male,2003-03-11,johnsingh0535@estcgp.gg,+918809593640,India,254
P0536,Sara,Singh,NexusSara55,Female,1999-01-20,sarasingh0536@estcgp.gg,+918405638592,India,2550
P0537,John,Patel,PixelJohn44,Male,2003-02-26,johnpatel0537@estcgp.gg,+919944455159,India,3238
P0538,Aman,Khan,FrostAman68,Male,2003-09-28,amankhan0538@estcgp.gg,+17564499114,USA,2605
P0539,Alex,Rao,PulseAlex64,Male,1997-02-12,alexrao0539@estcgp.gg,+19185373144,USA,3498
P0540,Aman,Singh,DragonAman95,Male,2004-07-19,amansingh0540@estcgp.gg,+917099279285,India,4300
P0541,Sam,Singh,VortexSam64,Male,2003-12-23,samsingh0541@estcgp.gg,+918604275202,India,63
P0542,Sara,Patel,CyberSara84,Female,2000-07-13,sarapatel0542@estcgp.gg,+917207911520,India,0
P0543,John,Singh,StormJohn66,Male,2002-07-05,johnsingh0543@estcgp.gg,+17603265311,USA,2417
P0544,John,Singh,OmegaJohn21,Male,2002-06-08,johnsingh0544@estcgp.gg,+919233470703,India,1340
P0545,Alex,Khan,CyberAlex87,Male,1996-03-02,alexkhan0545@estcgp.gg,+918399346756,India,1942
P0546,John,Patel,TitanJohn57,Male,2006-03-25,johnpatel0546@estcgp.gg,+917978213835,India,2675
P0547,Sara,Singh,SilentSara79,Female,1997-12-25,sarasingh0547@estcgp.gg,+918876605288,India,1406
P0548,Riya,Khan,VortexRiya60,Female,1998-02-28,riyakhan0548@estcgp.gg,+918982014901,India,3691
P0549,Alex,Yadav,NitroAlex48,Male,2007-05-01,alexyadav0549@estcgp.gg,+918390488636,India,2409
P0550,Sara,Singh,RapidSara58,Female,1996-09-26,sarasingh0550@estcgp.gg,+918666823052,India,808
P0551,John,Nair,LunaJohn38,Male,1997-11-10,johnnair0551@estcgp.gg,+917513915208,India,2268
P0552,Riya,Khan,LunaRiya67,Female,2005-12-02,riyakhan0552@estcgp.gg,+919660508292,India,2894
P0553,Sam,Williams,VortexSam83,Male,2001-08-28,samwilliams0553@estcgp.gg,+18450971251,USA,444
P0554,Sam,Patel,RapidSam19,Male,2002-09-06,sampatel0554@estcgp.gg,+918534940895,India,4192
P0555,Riya,Patel,NovaRiya84,Female,2005-04-22,riyapatel0555@estcgp.gg,+917689055564,India,683
P0556,John,Rao,BlazeJohn48,Male,1997-06-24,johnrao0556@estcgp.gg,+919011752768,India,3276
P0557,Riya,Singh,ShadowRiya37,Female,2005-11-24,riyasingh0557@estcgp.gg,+917979238546,India,3256
P0558,Aman,Patel,CrimsonAman81,Male,2006-07-12,amanpatel0558@estcgp.gg,+17463263311,USA,4939
P0559,Alex,Patel,FrostAlex32,Male,2007-01-11,alexpatel0559@estcgp.gg,+18858574153,USA,369
P0560,Sam,Bansal,HyperSam80,Male,2007-03-13,sambansal0560@estcgp.gg,+917697766066,India,464
P0561,Alex,Singh,DragonAlex7,Male,2007-01-05,alexsingh0561@estcgp.gg,+918445604588,India,639
P0562,John,Sharma,CrimsonJohn95,Male,1997-02-13,johnsharma0562@estcgp.gg,+919322764240,India,4368
P0563,Aman,Khan,NexusAman89,Male,1996-01-16,amankhan0563@estcgp.gg,+19106069313,USA,3499
P0564,John,Singh,BlazeJohn49,Male,1998-08-14,johnsingh0564@estcgp.gg,+919775451921,India,97
P0565,Alex,Moore,StormAlex4,Male,2004-01-06,alexmoore0565@estcgp.gg,+17187936155,USA,3008
P0566,Alex,Yadav,PhoenixAlex43,Male,2003-04-11,alexyadav0566@estcgp.gg,+919187318231,India,3880
P0567,Aman,Khan,NeonAman31,Male,2002-02-17,amankhan0567@estcgp.gg,+917076125024,India,1723
P0568,Aman,Singh,QuantumAman80,Male,2005-01-05,amansingh0568@estcgp.gg,+19051317797,USA,1014
P0569,John,Thomas,NeonJohn11,Male,2006-04-14,johnthomas0569@estcgp.gg,+918789190991,India,2920
P0570,Sara,Yadav,PrimeSara73,Female,2002-12-02,sarayadav0570@estcgp.gg,+17310830713,USA,1048
P0571,Aman,Singh,NexusAman12,Male,1997-06-26,amansingh0571@estcgp.gg,+918124993170,India,4782
P0572,Riya,Singh,StormRiya9,Female,1998-03-15,riyasingh0572@estcgp.gg,+918965906305,India,3773
P0573,John,Singh,NovaJohn52,Male,2002-06-19,johnsingh0573@estcgp.gg,+918517785483,India,1576
P0574,John,Jain,TitanJohn65,Male,1998-04-08,johnjain0574@estcgp.gg,+919080033534,India,3211
P0575,Sam,Singh,CrimsonSam86,Male,2000-09-19,samsingh0575@estcgp.gg,+918616393047,India,181
P0576,Sara,Patel,WolfSara84,Female,1996-07-12,sarapatel0576@estcgp.gg,+917099192412,India,4175
P0577,Sara,Patel,VortexSara46,Female,1997-03-12,sarapatel0577@estcgp.gg,+919416099214,India,3856
P0578,Sara,Yadav,StormSara90,Female,1996-07-12,sarayadav0578@estcgp.gg,+918419432307,India,4184
P0579,John,Singh,QuantumJohn88,Male,2000-12-28,johnsingh0579@estcgp.gg,+919544487832,India,998
P0580,Sam,Yadav,NovaSam47,Male,2004-01-02,samyadav0580@estcgp.gg,+918693313972,India,4331
P0581,Aman,Khan,GhostAman3,Male,1996-08-02,amankhan0581@estcgp.gg,+919824118291,India,3353
P0582,Riya,Yadav,NeonRiya25,Female,2003-06-03,riyayadav0582@estcgp.gg,+917859345187,India,2020
P0583,Alex,Patel,PhoenixAlex18,Male,2004-03-03,alexpatel0583@estcgp.gg,+918075467199,India,3786
P0584,Sara,Singh,StormSara55,Female,1998-10-21,sarasingh0584@estcgp.gg,+919469246120,India,3231
P0585,Riya,Khan,HyperRiya61,Female,1997-01-10,riyakhan0585@estcgp.gg,+18720869578,USA,311
P0586,Sam,Singh,PulseSam19,Male,1998-07-24,samsingh0586@estcgp.gg,+19629653652,USA,247
P0587,John,Patel,NitroJohn88,Male,2001-07-03,johnpatel0587@estcgp.gg,+919563161252,India,4340
P0588,Riya,Singh,ShadowRiya20,Female,2006-09-16,riyasingh0588@estcgp.gg,+919572432727,India,746
P0589,Sara,Patel,GhostSara85,Female,2001-12-08,sarapatel0589@estcgp.gg,+919820914239,India,1302
P0590,John,Patel,SilentJohn40,Male,1996-03-06,johnpatel0590@estcgp.gg,+919160947571,India,4133
P0591,Riya,Das,PrimeRiya77,Female,2002-04-17,riyadas0591@estcgp.gg,+919061131490,India,3914
P0592,Sara,Pillai,NexusSara99,Female,1999-08-11,sarapillai0592@estcgp.gg,+917863798612,India,4488
P0593,John,Yadav,RogueJohn66,Male,2001-09-01,johnyadav0593@estcgp.gg,+919189853778,India,1842
P0594,Alex,Singh,ShadowAlex64,Male,2006-08-03,alexsingh0594@estcgp.gg,+17887372145,USA,4968
P0595,Sara,Yadav,StormSara14,Female,1999-06-27,sarayadav0595@estcgp.gg,+18258032429,USA,4959
P0596,Sam,Gupta,PhoenixSam28,Male,2003-04-05,samgupta0596@estcgp.gg,+919086912155,India,4261
P0597,Alex,Taylor,CyberAlex51,Male,2006-02-01,alextaylor0597@estcgp.gg,+917631217613,India,3689
P0598,Alex,Khan,PulseAlex43,Male,2004-01-25,alexkhan0598@estcgp.gg,+917591617968,India,3949
P0599,Sara,Singh,StormSara97,Female,2003-07-23,sarasingh0599@estcgp.gg,+918450446990,India,3358
P0600,Aman,Patel,HyperAman50,Male,2005-08-16,amanpatel0600@estcgp.gg,+917849190024,India,1586
