Payout_ID,Entry_ID,Placement_Rank,Prize_Amount,Tax_Deducted
PO0001,E0001,6,35255.51,3525.55
PO0002,E0002,7,22436.40,2243.64
PO0003,E0003,8,8830.33,883.03
PO0004,E0005,10,15786.69,1578.67
PO0005,E0006,1,43215.08,4321.51
PO0006,E0007,2,1933.76,193.38
PO0007,E0008,3,39506.43,3950.64
PO0008,E0009,4,23844.38,2384.44
PO0009,E0010,5,31870.80,3187.08
PO0010,E0011,1,34170.47,3417.05
PO0011,E0012,2,28051.84,2805.18
PO0012,E0013,3,8406.72,840.67
PO0013,E0014,4,33085.93,3308.59
PO0014,E0015,5,36965.82,3696.58
PO0015,E0016,6,6032.97,603.30
PO0016,E0017,7,21564.16,2156.42
PO0017,E0018,8,22044.91,2204.49
PO0018,E0019,9,11469.52,1146.95
PO0019,E0020,10,9307.30,930.73
PO0020,E0021,6,9201.27,920.13
PO0021,E0022,7,15636.99,1563.70
PO0022,E0023,8,15506.27,1550.63
PO0023,E0024,9,17318.26,1731.83
PO0024,E0025,10,16089.67,1608.97
PO0025,E0026,1,40492.65,4049.27
PO0026,E0027,2,30644.74,3064.47
PO0027,E0028,3,39725.35,3972.53
PO0028,E0029,4,2497.79,249.78
PO0029,E0030,5,3277.62,327.76
PO0030,E0031,1,3488.80,348.88
PO0031,E0032,2,14440.31,1444.03
PO0032,E0033,3,33519.74,3351.97
PO0033,E0034,4,29401.42,2940.14
PO0034,E0035,5,12153.66,1215.37
PO0035,E0036,6,21415.36,2141.54
PO0036,E0037,7,10645.71,1064.57
PO0037,E0038,8,12470.95,1247.10
PO0038,E0039,9,2698.94,269.89
PO0039,E0040,10,20060.09,2006.01
PO0040,E0081,6,10120.45,1012.05
PO0041,E0082,7,17145.90,1714.59
PO0042,E0083,8,15819.28,1581.93
PO0043,E0084,9,20616.18,2061.62
PO0044,E0085,10,8104.07,810.41
PO0045,E0086,1,24684.04,2468.40
PO0046,E0087,2,35705.41,3570.54
PO0047,E0088,3,11785.31,1178.53
PO0048,E0089,4,40181.71,4018.17
PO0049,E0090,5,13039.53,1303.95
PO0050,E0091,1,19754.99,1975.50
PO0051,E0093,3,28090.94,2809.09
PO0052,E0094,4,20394.54,2039.45
PO0053,E0095,5,31663.21,3166.32
PO0054,E0096,6,19949.90,1994.99
PO0055,E0097,7,5131.04,513.10
PO0056,E0098,8,215.03,21.50
PO0057,E0099,9,6232.55,623.26
PO0058,E0101,6,9951.58,995.16
PO0059,E0102,7,28403.68,2840.37
PO0060,E0103,8,10904.96,1090.50
PO0061,E0104,9,11410.12,1141.01
PO0062,E0105,10,10223.55,1022.36
PO0063,E0106,1,441.00,44.10
PO0064,E0107,2,30157.82,3015.78
PO0065,E0108,3,11346.33,1134.63
PO0066,E0109,4,23628.82,2362.88
PO0067,E0110,5,26006.48,2600.65
PO0068,E0111,1,6568.52,656.85
PO0069,E0112,2,41679.17,4167.92
PO0070,E0113,3,33111.61,3311.16
PO0071,E0114,4,24611.43,2461.14
PO0072,E0115,5,14633.86,1463.39
PO0073,E0116,6,16312.50,1631.25
PO0074,E0117,7,20402.22,2040.22
PO0075,E0118,8,19509.46,1950.95
PO0076,E0119,9,11495.41,1149.54
PO0077,E0120,10,1510.12,151.01
PO0078,E0121,6,29035.64,2903.56
PO0079,E0122,7,694.13,69.41
PO0080,E0124,9,16975.33,1697.53
PO0081,E0125,10,7648.96,764.90
PO0082,E0126,1,17138.37,1713.84
PO0083,E0127,2,22182.22,2218.22
PO0084,E0128,3,39129.82,3912.98
PO0085,E0129,4,730.18,73.02
PO0086,E0130,5,30109.58,3010.96
PO0087,E0171,1,36131.04,3613.10
PO0088,E0172,2,15758.42,1575.84
PO0089,E0173,3,29134.21,2913.42
PO0090,E0174,4,14801.58,1480.16
PO0091,E0175,5,10751.20,1075.12
PO0092,E0176,6,13238.93,1323.89
PO0093,E0177,7,9014.16,901.42
PO0094,E0178,8,23741.68,2374.17
PO0095,E0179,9,10547.49,1054.75
PO0096,E0180,10,8045.14,804.51
PO0097,E0182,7,11000.44,1100.04
PO0098,E0183,8,20983.36,2098.34
PO0099,E0184,9,24434.66,2443.47
PO0100,E0185,10,218.26,21.83
PO0101,E0186,1,3743.84,374.38
PO0102,E0187,2,12685.78,1268.58
PO0103,E0188,3,15522.86,1552.29
PO0104,E0189,4,43359.51,4335.95
PO0105,E0190,5,16645.45,1664.55
PO0106,E0191,1,17726.93,1772.69
PO0107,E0192,2,45598.52,4559.85
PO0108,E0193,3,45029.68,4502.97
PO0109,E0194,4,21537.69,2153.77
PO0110,E0195,5,23619.00,2361.90
PO0111,E0196,6,31353.37,3135.34
PO0112,E0197,7,4092.90,409.29
PO0113,E0198,8,1320.73,132.07
PO0114,E0199,9,17606.81,1760.68
PO0115,E0200,10,4279.33,427.93
PO0116,E0201,6,31071.35,3107.14
PO0117,E0202,7,29583.45,2958.35
PO0118,E0203,8,24967.17,2496.72
PO0119,E0204,9,24859.40,2485.94
PO0120,E0205,10,1664.45,166.45
PO0121,E0206,1,3449.42,344.94
PO0122,E0207,2,50542.41,5054.24
PO0123,E0208,3,29532.99,2953.30
PO0124,E0209,4,16712.80,1671.28
PO0125,E0210,5,15578.44,1557.84
PO0126,E0211,1,47834.30,4783.43
PO0127,E0212,2,2354.31,235.43
PO0128,E0213,3,38774.24,3877.42
PO0129,E0214,4,12862.42,1286.24
PO0130,E0215,5,21088.21,2108.82
PO0131,E0216,6,34340.52,3434.05
PO0132,E0217,7,10717.37,1071.74
PO0133,E0218,8,23792.50,2379.25
PO0134,E0219,9,15750.27,1575.03
PO0135,E0220,10,21139.91,2113.99
PO0136,E0261,6,21024.41,2102.44
PO0137,E0262,7,32301.81,3230.18
PO0138,E0263,8,20818.92,2081.89
PO0139,E0264,9,15516.18,1551.62
PO0140,E0265,10,360.23,36.02
PO0141,E0266,1,50443.43,5044.34
PO0142,E0267,2,35480.16,3548.02
PO0143,E0268,3,22080.84,2208.08
PO0144,E0269,4,44262.81,4426.28
PO0145,E0270,5,21955.52,2195.55
PO0146,E0271,1,19588.55,1958.86
PO0147,E0272,2,44827.08,4482.71
PO0148,E0273,3,38589.80,3858.98
PO0149,E0274,4,34177.56,3417.76
PO0150,E0275,5,31084.84,3108.48
PO0151,E0276,6,28088.36,2808.84
PO0152,E0277,7,13840.89,1384.09
PO0153,E0278,8,22995.42,2299.54
PO0154,E0279,9,10078.67,1007.87
PO0155,E0280,10,14315.85,1431.59
PO0156,E0281,6,9976.81,997.68
PO0157,E0282,7,29817.71,2981.77
PO0158,E0283,8,12824.53,1282.45
PO0159,E0284,9,14034.05,1403.40
PO0160,E0285,10,21354.48,2135.45
PO0161,E0286,1,24296.10,2429.61
PO0162,E0287,2,44362.67,4436.27
PO0163,E0288,3,24966.49,2496.65
PO0164,E0291,1,12826.58,1282.66
PO0165,E0292,2,27028.13,2702.81
PO0166,E0293,3,14600.70,1460.07
PO0167,E0294,4,42555.09,4255.51
PO0168,E0295,5,25583.27,2558.33
PO0169,E0296,6,28018.45,2801.85
PO0170,E0297,7,23502.25,2350.22
PO0171,E0298,8,7729.74,772.97
PO0172,E0299,9,25217.09,2521.71
PO0173,E0300,10,4379.86,437.99
PO0174,E0301,6,33613.95,3361.39
PO0175,E0302,7,17277.12,1727.71
PO0176,E0303,8,22523.47,2252.35
PO0177,E0305,10,1643.71,164.37
PO0178,E0306,1,41774.72,4177.47
PO0179,E0307,2,44121.64,4412.16
PO0180,E0308,3,17656.97,1765.70
PO0181,E0309,4,22382.21,2238.22
PO0182,E0310,5,6237.30,623.73
PO0183,E0351,1,25946.16,2594.62
PO0184,E0352,2,389.59,38.96
PO0185,E0353,3,32256.62,3225.66
PO0186,E0354,4,23608.97,2360.90
PO0187,E0355,5,28015.35,2801.53
PO0188,E0356,6,6652.09,665.21
PO0189,E0357,7,10654.38,1065.44
PO0190,E0358,8,20551.05,2055.11
PO0191,E0359,9,1437.88,143.79
PO0192,E0360,10,8082.98,808.30
PO0193,E0361,6,28829.03,2882.90
PO0194,E0362,7,18667.95,1866.80
PO0195,E0363,8,14244.94,1424.49
PO0196,E0364,9,11639.98,1164.00
PO0197,E0365,10,2280.58,228.06
PO0198,E0366,1,3275.90,327.59
PO0199,E0367,2,14044.88,1404.49
PO0200,E0368,3,11651.77,1165.18
PO0201,E0369,4,11076.00,1107.60
PO0202,E0370,5,21978.45,2197.85
PO0203,E0372,2,4190.72,419.07
PO0204,E0373,3,43048.15,4304.82
PO0205,E0374,4,34535.64,3453.56
PO0206,E0375,5,15517.75,1551.78
PO0207,E0376,6,8742.31,874.23
PO0208,E0377,7,29435.81,2943.58
PO0209,E0378,8,10628.74,1062.87
PO0210,E0379,9,21983.70,2198.37
PO0211,E0380,10,15762.57,1576.26
PO0212,E0381,6,27766.21,2776.62
PO0213,E0382,7,11233.18,1123.32
PO0214,E0383,8,26030.80,2603.08
PO0215,E0384,9,21879.45,2187.95
PO0216,E0385,10,8926.96,892.70
PO0217,E0386,1,51583.20,5158.32
PO0218,E0387,2,32042.08,3204.21
PO0219,E0389,4,20911.03,2091.10
PO0220,E0390,5,35910.23,3591.02
PO0221,E0391,1,31113.19,3111.32
PO0222,E0392,2,39465.59,3946.56
PO0223,E0393,3,36642.81,3664.28
PO0224,E0394,4,43269.75,4326.98
PO0225,E0395,5,32972.97,3297.30
PO0226,E0396,6,27991.90,2799.19
PO0227,E0397,7,4670.16,467.02
PO0228,E0398,8,14442.98,1444.30
PO0229,E0399,9,10341.74,1034.17
PO0230,E0400,10,7680.71,768.07
PO0231,E0441,6,2069.73,206.97
PO0232,E0442,7,17058.58,1705.86
PO0233,E0443,8,9866.51,986.65
PO0234,E0444,9,220.82,22.08
PO0235,E0445,10,3657.61,365.76
PO0236,E0446,1,49631.85,4963.19
PO0237,E0447,2,39674.36,3967.44
PO0238,E0448,3,33292.15,3329.22
PO0239,E0449,4,28402.87,2840.29
PO0240,E0450,5,34754.43,3475.44
PO0241,E0451,1,35419.63,3541.96
PO0242,E0452,2,53441.73,5344.17
PO0243,E0453,3,8581.40,858.14
PO0244,E0454,4,4006.58,400.66
PO0245,E0455,5,27659.33,2765.93
PO0246,E0456,6,111.52,11.15
PO0247,E0457,7,20490.73,2049.07
PO0248,E0458,8,21704.71,2170.47
PO0249,E0459,9,10455.79,1045.58
PO0250,E0460,10,6877.51,687.75
PO0251,E0461,6,24319.72,2431.97
PO0252,E0462,7,9433.77,943.38
PO0253,E0463,8,23060.83,2306.08
PO0254,E0464,9,15137.11,1513.71
PO0255,E0465,10,12171.14,1217.11
PO0256,E0466,1,19475.93,1947.59
PO0257,E0467,2,5464.32,546.43
PO0258,E0468,3,14795.36,1479.54
PO0259,E0469,4,31079.64,3107.96
PO0260,E0470,5,38913.82,3891.38
PO0261,E0471,1,3643.84,364.38
PO0262,E0472,2,24315.05,2431.51
PO0263,E0473,3,36040.91,3604.09
PO0264,E0474,4,21481.97,2148.20
PO0265,E0475,5,4755.73,475.57
PO0266,E0476,6,30963.73,3096.37
PO0267,E0477,7,28185.29,2818.53
PO0268,E0479,9,25439.59,2543.96
PO0269,E0480,10,2592.40,259.24
PO0270,E0481,6,12229.63,1222.96
PO0271,E0482,7,3618.03,361.80
PO0272,E0483,8,23987.47,2398.75
PO0273,E0484,9,646.69,64.67
PO0274,E0485,10,1584.00,158.40
PO0275,E0486,1,56542.06,5654.21
PO0276,E0487,2,5974.63,597.46
PO0277,E0488,3,39825.61,3982.56
PO0278,E0489,4,20484.28,2048.43
PO0279,E0490,5,23556.50,2355.65
PO0280,E0531,1,34684.11,3468.41
PO0281,E0532,2,11827.57,1182.76
PO0282,E0534,4,968.59,96.86
PO0283,E0536,6,24310.15,2431.02
PO0284,E0537,7,13236.35,1323.64
PO0285,E0538,8,16297.91,1629.79
PO0286,E0539,9,13546.86,1354.69
PO0287,E0540,10,13349.08,1334.91
PO0288,E0541,6,10041.85,1004.19
PO0289,E0542,7,29234.24,2923.42
PO0290,E0543,8,20094.95,2009.50
PO0291,E0545,10,11905.56,1190.56
PO0292,E0546,1,28183.14,2818.31
PO0293,E0547,2,9925.07,992.51
PO0294,E0548,3,10956.60,1095.66
PO0295,E0549,4,36519.23,3651.92
PO0296,E0550,5,206.93,20.69
PO0297,E0551,1,11139.58,1113.96
PO0298,E0552,2,10199.04,1019.90
PO0299,E0553,3,45463.54,4546.35
PO0300,E0555,5,26619.20,2661.92
PO0301,E0556,6,21994.39,2199.44
PO0302,E0557,7,32034.84,3203.48
PO0303,E0558,8,25729.72,2572.97
PO0304,E0559,9,5845.11,584.51
PO0305,E0560,10,16638.13,1663.81
PO0306,E0561,6,30089.87,3008.99
PO0307,E0562,7,21343.84,2134.38
PO0308,E0563,8,2974.69,297.47
PO0309,E0564,9,19834.37,1983.44
PO0310,E0566,1,40586.60,4058.66
PO0311,E0567,2,37817.01,3781.70
PO0312,E0568,3,36015.40,3601.54
PO0313,E0569,4,41949.27,4194.93
PO0314,E0570,5,11905.32,1190.53
PO0315,E0571,1,46801.17,4680.12
PO0316,E0572,2,39403.53,3940.35
PO0317,E0573,3,16192.65,1619.27
PO0318,E0574,4,10925.70,1092.57
PO0319,E0575,5,14288.05,1428.81
PO0320,E0576,6,32601.70,3260.17
PO0321,E0577,7,14184.70,1418.47
PO0322,E0578,8,14457.45,1445.75
PO0323,E0579,9,16750.63,1675.06
PO0324,E0580,10,5625.94,562.59
PO0325,E0621,6,12457.31,1245.73
PO0326,E0622,7,16276.83,1627.68
PO0327,E0623,8,15749.93,1574.99
PO0328,E0624,9,16513.15,1651.32
PO0329,E0625,10,7494.88,749.49
PO0330,E0626,1,20013.68,2001.37
PO0331,E0628,3,40814.42,4081.44
PO0332,E0629,4,26769.29,2676.93
PO0333,E0630,5,34507.14,3450.71
PO0334,E0631,1,9990.03,999.00
PO0335,E0632,2,44232.40,4423.24
PO0336,E0633,3,39276.65,3927.67
PO0337,E0634,4,42744.15,4274.41
PO0338,E0635,5,31709.04,3170.90
PO0339,E0636,6,26929.15,2692.92
PO0340,E0638,8,15102.13,1510.21
PO0341,E0639,9,22951.11,2295.11
PO0342,E0640,10,6227.08,622.71
PO0343,E0641,6,883.45,88.35
PO0344,E0642,7,4192.56,419.26
PO0345,E0643,8,8031.55,803.16
PO0346,E0644,9,4571.67,457.17
PO0347,E0645,10,9125.57,912.56
PO0348,E0646,1,48722.05,4872.21
PO0349,E0648,3,19770.54,1977.05
PO0350,E0649,4,18446.10,1844.61
PO0351,E0650,5,12500.88,1250.09
PO0352,E0651,1,56463.55,5646.36
PO0353,E0652,2,53485.88,5348.59
PO0354,E0653,3,2067.20,206.72
PO0355,E0654,4,8217.42,821.74
PO0356,E0655,5,36043.15,3604.32
PO0357,E0656,6,16075.75,1607.58
PO0358,E0657,7,27500.73,2750.07
PO0359,E0658,8,12163.79,1216.38
PO0360,E0659,9,13300.56,1330.06
PO0361,E0660,10,20053.27,2005.33
PO0362,E0661,6,28365.13,2836.51
PO0363,E0662,7,20490.50,2049.05
PO0364,E0663,8,18307.89,1830.79
PO0365,E0664,9,17286.81,1728.68
PO0366,E0665,10,11776.41,1177.64
PO0367,E0666,1,20981.42,2098.14
PO0368,E0667,2,724.20,72.42
PO0369,E0668,3,36626.35,3662.64
PO0370,E0669,4,12939.96,1294.00
PO0371,E0670,5,33890.31,3389.03
PO0372,E0711,1,53839.35,5383.94
PO0373,E0712,2,34535.68,3453.57
PO0374,E0713,3,34553.35,3455.34
PO0375,E0714,4,8434.39,843.44
PO0376,E0715,5,5445.35,544.54
PO0377,E0716,6,35225.06,3522.51
PO0378,E0717,7,19155.88,1915.59
PO0379,E0718,8,14674.11,1467.41
PO0380,E0719,9,5555.54,555.55
PO0381,E0720,10,8521.13,852.11
PO0382,E0721,6,11676.95,1167.70
PO0383,E0722,7,1111.94,111.19
PO0384,E0723,8,524.79,52.48
PO0385,E0724,9,25270.80,2527.08
PO0386,E0725,10,19026.03,1902.60
PO0387,E0726,1,6431.31,643.13
PO0388,E0728,3,32960.53,3296.05
PO0389,E0729,4,31976.50,3197.65
PO0390,E0730,5,20603.90,2060.39
PO0391,E0732,2,21128.26,2112.83
PO0392,E0733,3,13137.61,1313.76
PO0393,E0734,4,21725.10,2172.51
PO0394,E0735,5,18675.19,1867.52
PO0395,E0736,6,24508.69,2450.87
PO0396,E0737,7,17230.85,1723.09
PO0397,E0738,8,13124.28,1312.43
PO0398,E0739,9,22606.54,2260.65
PO0399,E0740,10,20489.81,2048.98
PO0400,E0741,6,36711.85,3671.18
PO0401,E0742,7,14712.79,1471.28
PO0402,E0743,8,5147.14,514.71
PO0403,E0744,9,10039.87,1003.99
PO0404,E0745,10,380.26,38.03
PO0405,E0746,1,56516.40,5651.64
PO0406,E0747,2,46037.24,4603.72
PO0407,E0749,4,27637.01,2763.70
PO0408,E0750,5,9144.06,914.41
PO0409,E0751,1,43150.61,4315.06
PO0410,E0752,2,27212.91,2721.29
PO0411,E0753,3,924.90,92.49
PO0412,E0754,4,13700.30,1370.03
PO0413,E0755,5,38434.83,3843.48
PO0414,E0756,6,12625.80,1262.58
PO0415,E0757,7,32682.66,3268.27
PO0416,E0758,8,231.63,23.16
PO0417,E0759,9,23096.18,2309.62
PO0418,E0760,10,3139.32,313.93
PO0419,E0801,6,34558.46,3455.85
PO0420,E0802,7,30555.71,3055.57
PO0421,E0803,8,28822.53,2882.25
PO0422,E0804,9,16462.19,1646.22
PO0423,E0805,10,10799.02,1079.90
PO0424,E0806,1,30563.23,3056.32
PO0425,E0807,2,51183.24,5118.32
PO0426,E0809,4,31680.46,3168.05
PO0427,E0810,5,1050.14,105.01
PO0428,E0811,1,48925.89,4892.59
PO0429,E0812,2,24118.72,2411.87
PO0430,E0813,3,46595.70,4659.57
PO0431,E0814,4,26771.43,2677.14
PO0432,E0815,5,30796.41,3079.64
PO0433,E0816,6,3703.84,370.38
PO0434,E0817,7,29072.56,2907.26
PO0435,E0818,8,8403.51,840.35
PO0436,E0819,9,13099.23,1309.92
PO0437,E0820,10,19354.98,1935.50
PO0438,E0821,6,8120.89,812.09
PO0439,E0822,7,3050.44,305.04
PO0440,E0823,8,24736.52,2473.65
PO0441,E0824,9,16330.00,1633.00
PO0442,E0825,10,16981.80,1698.18
PO0443,E0826,1,9259.79,925.98
PO0444,E0828,3,32807.38,3280.74
PO0445,E0829,4,31167.46,3116.75
PO0446,E0830,5,14828.17,1482.82
PO0447,E0831,1,32568.62,3256.86
PO0448,E0832,2,17648.23,1764.82
PO0449,E0833,3,25135.51,2513.55
PO0450,E0834,4,14048.23,1404.82
PO0451,E0835,5,10931.91,1093.19
PO0452,E0836,6,8751.79,875.18
PO0453,E0837,7,31156.26,3115.63
PO0454,E0838,8,4372.84,437.28
PO0455,E0839,9,12265.49,1226.55
PO0456,E0840,10,19303.60,1930.36
PO0457,E0841,6,4596.50,459.65
PO0458,E0842,7,19076.32,1907.63
PO0459,E0844,9,17698.26,1769.83
PO0460,E0845,10,10647.83,1064.78
PO0461,E0846,1,19740.20,1974.02
PO0462,E0847,2,2468.66,246.87
PO0463,E0848,3,7754.59,775.46
PO0464,E0849,4,100.00,10.00
PO0465,E0850,5,38873.47,3887.35
PO0466,E0891,1,34625.07,3462.51
PO0467,E0892,2,19827.89,1982.79
PO0468,E0893,3,22780.08,2278.01
PO0469,E0894,4,23650.06,2365.01
PO0470,E0895,5,35867.74,3586.77
PO0471,E0896,6,24083.47,2408.35
PO0472,E0897,7,29313.02,2931.30
PO0473,E0898,8,22343.40,2234.34
PO0474,E0899,9,4365.74,436.57
PO0475,E0900,10,8173.48,817.35
PO0476,E0901,6,6658.35,665.84
PO0477,E0902,7,30959.17,3095.92
PO0478,E0903,8,11765.41,1176.54
PO0479,E0905,10,18906.05,1890.61
PO0480,E0906,1,50536.50,5053.65
PO0481,E0907,2,43388.10,4338.81
PO0482,E0908,3,23600.47,2360.05
PO0483,E0909,4,40660.24,4066.02
PO0484,E0911,1,41364.33,4136.43
PO0485,E0912,2,40238.63,4023.86
PO0486,E0913,3,20699.58,2069.96
PO0487,E0914,4,23239.39,2323.94
PO0488,E0915,5,29035.95,2903.60
PO0489,E0916,6,5479.68,547.97
PO0490,E0917,7,10781.28,1078.13
PO0491,E0918,8,12019.81,1201.98
PO0492,E0919,9,11927.78,1192.78
PO0493,E0920,10,13349.65,1334.97
PO0494,E0921,6,2939.26,293.93
PO0495,E0922,7,28645.51,2864.55
PO0496,E0923,8,8291.08,829.11
PO0497,E0924,9,9771.85,977.19
PO0498,E0926,1,39379.10,3937.91
PO0499,E0927,2,26013.56,2601.36
PO0500,E0928,3,17049.12,1704.91
PO0501,E0929,4,38289.18,3828.92
PO0502,E0930,5,7652.77,765.28
PO0503,E0931,1,39781.93,3978.19
PO0504,E0932,2,13284.66,1328.47
PO0505,E0933,3,29540.86,2954.09
PO0506,E0934,4,8385.11,838.51
PO0507,E0935,5,31228.80,3122.88
PO0508,E0936,6,3984.86,398.49
PO0509,E0937,7,2445.62,244.56
PO0510,E0938,8,9522.33,952.23
PO0511,E0939,9,25271.49,2527.15
PO0512,E0940,10,4245.47,424.55
PO0513,E0981,6,13434.46,1343.45
PO0514,E0982,7,13046.98,1304.70
PO0515,E0983,8,16710.95,1671.10
PO0516,E0984,9,22413.57,2241.36
PO0517,E0986,1,25994.74,2599.47
PO0518,E0987,2,33221.01,3322.10
PO0519,E0988,3,25489.43,2548.94
PO0520,E0990,5,18020.07,1802.01
PO0521,E0991,1,34966.57,3496.66
PO0522,E0992,2,49970.83,4997.08
PO0523,E0993,3,20648.92,2064.89
PO0524,E0994,4,6170.70,617.07
PO0525,E0995,5,36479.80,3647.98
PO0526,E0996,6,25566.19,2556.62
PO0527,E0997,7,19056.82,1905.68
PO0528,E0998,8,25141.37,2514.14
PO0529,E0999,9,24049.33,2404.93
PO0530,E1000,10,7786.32,778.63
PO0531,E1001,6,2138.93,213.89
PO0532,E1003,8,16420.76,1642.08
PO0533,E1004,9,17594.00,1759.40
PO0534,E1005,10,15841.21,1584.12
PO0535,E1006,1,22016.82,2201.68
PO0536,E1007,2,26342.26,2634.23
PO0537,E1008,3,2296.61,229.66
PO0538,E1009,4,13141.50,1314.15
PO0539,E1011,1,49324.68,4932.47
PO0540,E1012,2,38811.72,3881.17
PO0541,E1013,3,43880.01,4388.00
PO0542,E1014,4,15587.19,1558.72
PO0543,E1015,5,13253.72,1325.37
PO0544,E1017,7,31759.70,3175.97
PO0545,E1018,8,7361.05,736.11
PO0546,E1019,9,15155.39,1515.54
PO0547,E1020,10,7943.62,794.36
PO0548,E1021,6,30547.78,3054.78
PO0549,E1022,7,9658.99,965.90
PO0550,E1023,8,17722.76,1772.28
PO0551,E1024,9,7214.47,721.45
PO0552,E1025,10,20836.61,2083.66
PO0553,E1026,1,46143.58,4614.36
PO0554,E1027,2,24355.08,2435.51
PO0555,E1028,3,2475.22,247.52
PO0556,E1029,4,15282.08,1528.21
PO0557,E1030,5,14266.38,1426.64
PO0558,E1071,1,30779.99,3078.00
PO0559,E1073,3,45419.00,4541.90
PO0560,E1074,4,19385.10,1938.51
PO0561,E1075,5,30785.00,3078.50
PO0562,E1076,6,30719.19,3071.92
PO0563,E1077,7,30386.49,3038.65
PO0564,E1079,9,4610.96,461.10
PO0565,E1080,10,20858.40,2085.84
PO0566,E1081,6,23089.57,2308.96
PO0567,E1082,7,25344.00,2534.40
PO0568,E1083,8,9059.69,905.97
PO0569,E1084,9,2422.56,242.26
PO0570,E1085,10,12096.42,1209.64
PO0571,E1086,1,13756.83,1375.68
PO0572,E1087,2,24232.27,2423.23
PO0573,E1088,3,12828.91,1282.89
PO0574,E1089,4,36916.13,3691.61
PO0575,E1090,5,29954.93,2995.49
PO0576,E1091,1,11208.42,1120.84
PO0577,E1092,2,52920.71,5292.07
PO0578,E1093,3,28509.96,2851.00
PO0579,E1094,4,41912.21,4191.22
PO0580,E1095,5,34482.13,3448.21
PO0581,E1096,6,12002.68,1200.27
PO0582,E1097,7,22875.55,2287.55
PO0583,E1099,9,20923.97,2092.40
PO0584,E1100,10,20519.75,2051.97
PO0585,E1101,6,35359.42,3535.94
PO0586,E1103,8,8841.75,884.18
PO0587,E1104,9,13747.37,1374.74
PO0588,E1105,10,13012.63,1301.26
PO0589,E1107,2,32938.03,3293.80
PO0590,E1108,3,1599.49,159.95
PO0591,E1110,5,26188.62,2618.86
PO0592,E1111,1,42461.06,4246.11
PO0593,E1112,2,19566.55,1956.65
PO0594,E1113,3,778.68,77.87
PO0595,E1114,4,22380.16,2238.02
PO0596,E1116,6,23464.69,2346.47
PO0597,E1117,7,1392.43,139.24
PO0598,E1118,8,16891.82,1689.18
PO0599,E1119,9,12650.92,1265.09
PO0600,E1120,10,18318.45,1831.85
PO0601,E1161,6,21670.41,2167.04
PO0602,E1162,7,31767.39,3176.74
PO0603,E1163,8,19010.51,1901.05
PO0604,E1164,9,24172.09,2417.21
PO0605,E1165,10,4421.98,442.20
PO0606,E1166,1,27787.58,2778.76
PO0607,E1167,2,4418.53,441.85
PO0608,E1168,3,44373.56,4437.36
PO0609,E1170,5,30117.88,3011.79
PO0610,E1171,1,37417.30,3741.73
PO0611,E1173,3,39264.58,3926.46
PO0612,E1174,4,28443.71,2844.37
PO0613,E1175,5,33066.48,3306.65
PO0614,E1176,6,17806.93,1780.69
PO0615,E1177,7,11062.09,1106.21
PO0616,E1178,8,29374.25,2937.43
PO0617,E1179,9,4215.33,421.53
PO0618,E1180,10,5004.21,500.42
PO0619,E1181,6,21120.63,2112.06
PO0620,E1183,8,12625.54,1262.55
PO0621,E1185,10,4726.95,472.69
PO0622,E1186,1,15892.30,1589.23
PO0623,E1187,2,4014.55,401.46
PO0624,E1188,3,27129.68,2712.97
PO0625,E1189,4,41126.51,4112.65
PO0626,E1190,5,4334.24,433.42
PO0627,E1191,1,24149.31,2414.93
PO0628,E1192,2,7766.30,776.63
PO0629,E1193,3,8071.56,807.16
PO0630,E1194,4,7901.15,790.12
PO0631,E1195,5,35799.41,3579.94
PO0632,E1196,6,11924.09,1192.41
PO0633,E1197,7,9611.95,961.20
PO0634,E1198,8,4468.58,446.86
PO0635,E1199,9,22527.81,2252.78
PO0636,E1200,10,20408.81,2040.88
PO0637,E1202,7,25108.26,2510.83
PO0638,E1203,8,24812.51,2481.25
PO0639,E1204,9,14809.58,1480.96
PO0640,E1205,10,18919.69,1891.97
PO0641,E1206,1,15680.16,1568.02
PO0642,E1207,2,17121.16,1712.12
PO0643,E1208,3,40590.09,4059.01
PO0644,E1209,4,22797.67,2279.77
PO0645,E1210,5,28090.94,2809.09
PO0646,E1251,1,12937.02,1293.70
PO0647,E1252,2,37705.05,3770.51
PO0648,E1253,3,21632.88,2163.29
PO0649,E1254,4,44796.75,4479.68
PO0650,E1255,5,9360.12,936.01
PO0651,E1256,6,6866.15,686.62
PO0652,E1257,7,21715.18,2171.52
PO0653,E1259,9,24338.10,2433.81
PO0654,E1260,10,19392.88,1939.29
PO0655,E1261,6,5414.96,541.50
PO0656,E1262,7,12319.54,1231.95
PO0657,E1263,8,2796.51,279.65
PO0658,E1264,9,3115.99,311.60
PO0659,E1265,10,6357.26,635.73
PO0660,E1267,2,24669.87,2466.99
PO0661,E1268,3,28049.50,2804.95
PO0662,E1269,4,42884.91,4288.49
PO0663,E1270,5,11302.43,1130.24
PO0664,E1271,1,52877.46,5287.75
PO0665,E1272,2,9682.00,968.20
PO0666,E1273,3,37019.81,3701.98
PO0667,E1274,4,32048.70,3204.87
PO0668,E1275,5,38354.36,3835.44
PO0669,E1276,6,24743.75,2474.38
PO0670,E1277,7,6350.41,635.04
PO0671,E1278,8,8409.12,840.91
PO0672,E1279,9,25256.38,2525.64
PO0673,E1280,10,15175.36,1517.54
PO0674,E1281,6,5217.73,521.77
PO0675,E1282,7,18431.26,1843.13
PO0676,E1283,8,15417.23,1541.72
PO0677,E1284,9,2567.39,256.74
PO0678,E1285,10,2200.66,220.07
PO0679,E1286,1,34823.08,3482.31
PO0680,E1287,2,2229.21,222.92
PO0681,E1288,3,4247.17,424.72
PO0682,E1289,4,1320.15,132.02
PO0683,E1290,5,18919.48,1891.95
PO0684,E1291,1,16251.73,1625.17
PO0685,E1292,2,50431.15,5043.12
PO0686,E1293,3,34990.26,3499.03
PO0687,E1294,4,1810.56,181.06
PO0688,E1295,5,39815.55,3981.56
PO0689,E1296,6,8662.61,866.26
PO0690,E1297,7,25367.65,2536.77
PO0691,E1299,9,17506.48,1750.65
PO0692,E1300,10,10867.49,1086.75
PO0693,E1341,6,100.00,10.00
PO0694,E1342,7,1477.96,147.80
PO0695,E1343,8,9290.55,929.05
PO0696,E1344,9,14655.64,1465.56
PO0697,E1345,10,11107.02,1110.70
PO0698,E1346,1,45126.24,4512.62
PO0699,E1347,2,50931.83,5093.18
PO0700,E1348,3,16014.14,1601.41
PO0701,E1349,4,27622.27,2762.23
PO0702,E1350,5,10309.12,1030.91
PO0703,E1351,1,42698.49,4269.85
PO0704,E1352,2,43263.50,4326.35
PO0705,E1353,3,46824.43,4682.44
PO0706,E1354,4,33678.34,3367.83
PO0707,E1355,5,1149.90,114.99
PO0708,E1356,6,29424.55,2942.45
PO0709,E1357,7,8591.85,859.19
PO0710,E1358,8,23964.54,2396.45
PO0711,E1359,9,2516.87,251.69
PO0712,E1360,10,4914.72,491.47
PO0713,E1361,6,20977.60,2097.76
PO0714,E1362,7,27836.03,2783.60
PO0715,E1363,8,12218.58,1221.86
PO0716,E1364,9,21993.93,2199.39
PO0717,E1365,10,6449.36,644.94
PO0718,E1366,1,18556.10,1855.61
PO0719,E1367,2,42217.43,4221.74
PO0720,E1368,3,35360.79,3536.08
PO0721,E1369,4,8282.71,828.27
PO0722,E1370,5,22826.11,2282.61
PO0723,E1371,1,31362.63,3136.26
PO0724,E1372,2,20538.21,2053.82
PO0725,E1373,3,8089.78,808.98
PO0726,E1374,4,38411.03,3841.10
PO0727,E1375,5,26454.11,2645.41
PO0728,E1376,6,23970.72,2397.07
PO0729,E1377,7,5961.90,596.19
PO0730,E1378,8,23146.00,2314.60
PO0731,E1379,9,4235.97,423.60
PO0732,E1380,10,15180.09,1518.01
PO0733,E1382,7,6771.61,677.16
PO0734,E1383,8,25659.73,2565.97
PO0735,E1384,9,16616.11,1661.61
PO0736,E1385,10,8751.76,875.18
PO0737,E1386,1,40941.16,4094.12
PO0738,E1387,2,11463.12,1146.31
PO0739,E1388,3,27750.03,2775.00
PO0740,E1389,4,18842.58,1884.26
PO0741,E1390,5,34946.00,3494.60
PO0742,E1431,1,5239.85,523.99
PO0743,E1432,2,4060.86,406.09
PO0744,E1433,3,44638.95,4463.89
PO0745,E1435,5,20604.31,2060.43
PO0746,E1437,7,22728.78,2272.88
PO0747,E1438,8,20833.23,2083.32
PO0748,E1439,9,24130.97,2413.10
PO0749,E1440,10,6618.17,661.82
PO0750,E1442,7,17955.30,1795.53
PO0751,E1443,8,25056.34,2505.63
PO0752,E1444,9,19231.62,1923.16
PO0753,E1446,1,34276.45,3427.64
PO0754,E1447,2,1300.79,130.08
PO0755,E1448,3,2125.06,212.51
PO0756,E1449,4,1020.92,102.09
PO0757,E1450,5,32095.01,3209.50
PO0758,E1451,1,51528.68,5152.87
PO0759,E1452,2,12502.09,1250.21
PO0760,E1453,3,11433.31,1143.33
PO0761,E1454,4,100.00,10.00
PO0762,E1455,5,38848.99,3884.90
PO0763,E1456,6,6297.58,629.76
PO0764,E1457,7,7799.05,779.91
PO0765,E1459,9,13207.87,1320.79
PO0766,E1461,6,13360.90,1336.09
PO0767,E1462,7,13183.23,1318.32
PO0768,E1463,8,4638.41,463.84
PO0769,E1464,9,14962.80,1496.28
PO0770,E1465,10,909.77,90.98
PO0771,E1466,1,3606.12,360.61
PO0772,E1467,2,18739.94,1873.99
PO0773,E1469,4,947.88,94.79
PO0774,E1471,1,10102.62,1010.26
PO0775,E1472,2,1107.00,110.70
PO0776,E1473,3,25927.46,2592.75
PO0777,E1474,4,12718.42,1271.84
PO0778,E1475,5,31848.49,3184.85
PO0779,E1476,6,7119.46,711.95
PO0780,E1477,7,16536.84,1653.68
PO0781,E1478,8,26035.18,2603.52
PO0782,E1479,9,25453.68,2545.37
PO0783,E1480,10,19963.88,1996.39
PO0784,E1521,6,26822.11,2682.21
PO0785,E1522,7,20723.35,2072.34
PO0786,E1523,8,27252.55,2725.26
PO0787,E1524,9,5517.94,551.79
PO0788,E1525,10,12347.13,1234.71
PO0789,E1526,1,47431.03,4743.10
PO0790,E1527,2,652.18,65.22
PO0791,E1528,3,36412.67,3641.27
PO0792,E1529,4,36476.27,3647.63
PO0793,E1530,5,7265.14,726.51
PO0794,E1531,1,28628.50,2862.85
PO0795,E1532,2,36240.22,3624.02
PO0796,E1533,3,23436.54,2343.65
PO0797,E1534,4,34595.49,3459.55
PO0798,E1535,5,33585.62,3358.56
PO0799,E1536,6,3644.38,364.44
PO0800,E1537,7,27370.51,2737.05
PO0801,E1538,8,633.28,63.33
PO0802,E1539,9,215.88,21.59
PO0803,E1540,10,11523.71,1152.37
PO0804,E1541,6,29018.44,2901.84
PO0805,E1542,7,29702.33,2970.23
PO0806,E1543,8,2155.81,215.58
PO0807,E1544,9,13550.38,1355.04
PO0808,E1545,10,10272.69,1027.27
PO0809,E1546,1,1646.34,164.63
PO0810,E1547,2,13794.30,1379.43
PO0811,E1548,3,45266.04,4526.60
PO0812,E1549,4,26436.37,2643.64
PO0813,E1550,5,22877.85,2287.78
PO0814,E1551,1,47503.44,4750.34
PO0815,E1552,2,29697.72,2969.77
PO0816,E1553,3,42599.21,4259.92
PO0817,E1554,4,43963.16,4396.32
PO0818,E1555,5,3860.39,386.04
PO0819,E1557,7,23891.72,2389.17
PO0820,E1558,8,12517.63,1251.76
PO0821,E1559,9,19615.69,1961.57
PO0822,E1560,10,21012.04,2101.20
PO0823,E1561,6,4858.45,485.85
PO0824,E1563,8,10894.07,1089.41
PO0825,E1564,9,23313.60,2331.36
PO0826,E1565,10,18176.75,1817.68
PO0827,E1566,1,35120.70,3512.07
PO0828,E1567,2,29232.54,2923.25
PO0829,E1569,4,18792.30,1879.23
PO0830,E1570,5,6614.28,661.43
PO0831,E1611,1,28417.95,2841.80
PO0832,E1612,2,3607.67,360.77
PO0833,E1613,3,37198.64,3719.86
PO0834,E1614,4,18902.46,1890.25
PO0835,E1615,5,16688.86,1668.89
PO0836,E1616,6,32685.52,3268.55
PO0837,E1617,7,6663.08,666.31
PO0838,E1618,8,10247.27,1024.73
PO0839,E1619,9,17446.24,1744.62
PO0840,E1620,10,5822.20,582.22
PO0841,E1621,6,959.92,95.99
PO0842,E1622,7,19902.42,1990.24
PO0843,E1623,8,25918.03,2591.80
PO0844,E1624,9,6220.97,622.10
PO0845,E1625,10,15576.90,1557.69
PO0846,E1627,2,8208.00,820.80
PO0847,E1628,3,26258.71,2625.87
PO0848,E1629,4,11413.68,1141.37
PO0849,E1630,5,1965.33,196.53
PO0850,E1631,1,829.28,82.93
PO0851,E1632,2,46961.22,4696.12
PO0852,E1633,3,23331.49,2333.15
PO0853,E1634,4,12915.57,1291.56
PO0854,E1635,5,6898.81,689.88
PO0855,E1636,6,9567.52,956.75
PO0856,E1637,7,521.29,52.13
PO0857,E1638,8,17246.48,1724.65
PO0858,E1639,9,19548.68,1954.87
PO0859,E1640,10,16505.43,1650.54
PO0860,E1641,6,6641.53,664.15
PO0861,E1642,7,27705.28,2770.53
PO0862,E1643,8,17057.99,1705.80
PO0863,E1644,9,20941.52,2094.15
PO0864,E1645,10,7459.40,745.94
PO0865,E1646,1,45516.26,4551.63
PO0866,E1647,2,22888.32,2288.83
PO0867,E1648,3,45614.46,4561.45
PO0868,E1649,4,29895.40,2989.54
PO0869,E1650,5,1194.62,119.46
PO0870,E1651,1,32059.96,3206.00
PO0871,E1652,2,48953.10,4895.31
PO0872,E1653,3,20735.15,2073.52
PO0873,E1654,4,40872.72,4087.27
PO0874,E1655,5,27051.15,2705.12
PO0875,E1656,6,10827.70,1082.77
PO0876,E1657,7,28081.44,2808.14
PO0877,E1658,8,5581.05,558.11
PO0878,E1659,9,9962.03,996.20
PO0879,E1660,10,12599.54,1259.95
PO0880,E1701,6,30448.08,3044.81
PO0881,E1702,7,1547.45,154.75
PO0882,E1703,8,24592.75,2459.28
PO0883,E1704,9,23615.83,2361.58
PO0884,E1705,10,19598.36,1959.84
PO0885,E1706,1,21571.29,2157.13
PO0886,E1707,2,45877.35,4587.73
PO0887,E1708,3,24129.74,2412.97
PO0888,E1709,4,10940.57,1094.06
PO0889,E1710,5,8095.06,809.51
PO0890,E1711,1,51944.41,5194.44
PO0891,E1712,2,14105.17,1410.52
PO0892,E1713,3,671.53,67.15
PO0893,E1714,4,38199.67,3819.97
PO0894,E1715,5,29347.66,2934.77
PO0895,E1716,6,31393.47,3139.35
PO0896,E1717,7,24682.61,2468.26
PO0897,E1718,8,27671.59,2767.16
PO0898,E1719,9,17069.88,1706.99
PO0899,E1720,10,1273.66,127.37
PO0900,E1721,6,22004.50,2200.45
PO0901,E1722,7,23181.69,2318.17
PO0902,E1723,8,21568.94,2156.89
PO0903,E1724,9,12491.39,1249.14
PO0904,E1725,10,3038.26,303.83
PO0905,E1726,1,4033.02,403.30
PO0906,E1727,2,22640.49,2264.05
PO0907,E1728,3,18737.98,1873.80
PO0908,E1729,4,35563.17,3556.32
PO0909,E1730,5,40177.92,4017.79
PO0910,E1731,1,16864.06,1686.41
PO0911,E1732,2,28950.14,2895.01
PO0912,E1733,3,35986.82,3598.68
PO0913,E1734,4,27953.62,2795.36
PO0914,E1735,5,21823.47,2182.35
PO0915,E1736,6,27301.27,2730.13
PO0916,E1737,7,17721.92,1772.19
PO0917,E1738,8,20976.23,2097.62
PO0918,E1739,9,23027.61,2302.76
PO0919,E1740,10,12250.42,1225.04
PO0920,E1741,6,37480.20,3748.02
PO0921,E1742,7,25115.45,2511.55
PO0922,E1743,8,12566.07,1256.61
PO0923,E1744,9,17891.79,1789.18
PO0924,E1745,10,18191.15,1819.12
PO0925,E1746,1,32733.96,3273.40
PO0926,E1747,2,37541.92,3754.19
PO0927,E1748,3,33680.80,3368.08
PO0928,E1749,4,8114.94,811.49
PO0929,E1750,5,40869.86,4086.99
PO0930,E1791,1,29454.64,2945.46
PO0931,E1792,2,3781.56,378.16
PO0932,E1793,3,14064.30,1406.43
PO0933,E1794,4,44517.15,4451.72
PO0934,E1795,5,4028.01,402.80
PO0935,E1796,6,28222.46,2822.25
PO0936,E1797,7,5416.41,541.64
PO0937,E1798,8,23616.01,2361.60
PO0938,E1799,9,21419.31,2141.93
PO0939,E1800,10,5100.69,510.07
PO0940,E1801,6,23220.76,2322.08
PO0941,E1802,7,20862.84,2086.28
PO0942,E1803,8,11444.88,1144.49
PO0943,E1804,9,25499.09,2549.91
PO0944,E1805,10,12812.64,1281.26
PO0945,E1806,1,39095.58,3909.56
PO0946,E1807,2,47735.31,4773.53
PO0947,E1808,3,3710.20,371.02
PO0948,E1809,4,5050.15,505.01
PO0949,E1810,5,3299.42,329.94
PO0950,E1811,1,15330.41,1533.04
PO0951,E1812,2,52336.46,5233.65
PO0952,E1813,3,15511.87,1551.19
PO0953,E1814,4,43956.54,4395.65
PO0954,E1816,6,18748.12,1874.81
PO0955,E1817,7,25197.00,2519.70
PO0956,E1818,8,7401.23,740.12
PO0957,E1819,9,1679.79,167.98
PO0958,E1820,10,9815.00,981.50
PO0959,E1821,6,20574.40,2057.44
PO0960,E1822,7,22866.88,2286.69
PO0961,E1823,8,3162.59,316.26
PO0962,E1824,9,25385.31,2538.53
PO0963,E1825,10,17657.22,1765.72
PO0964,E1826,1,1401.21,140.12
PO0965,E1827,2,45692.82,4569.28
PO0966,E1828,3,21258.06,2125.81
PO0967,E1830,5,10621.51,1062.15
PO0968,E1831,1,7145.63,714.56
PO0969,E1832,2,13028.12,1302.81
PO0970,E1833,3,47204.36,4720.44
PO0971,E1835,5,29222.14,2922.21
PO0972,E1837,7,5920.81,592.08
PO0973,E1838,8,28244.41,2824.44
PO0974,E1839,9,1347.56,134.76
PO0975,E1840,10,20105.57,2010.56
PO0976,E1881,6,35576.47,3557.65
PO0977,E1882,7,33178.41,3317.84
PO0978,E1883,8,12600.46,1260.05
PO0979,E1884,9,1569.66,156.97
PO0980,E1885,10,6953.10,695.31
PO0981,E1886,1,1767.41,176.74
PO0982,E1887,2,49581.37,4958.14
PO0983,E1888,3,25045.90,2504.59
PO0984,E1889,4,17120.59,1712.06
PO0985,E1890,5,27991.37,2799.14
PO0986,E1891,1,37322.09,3732.21
PO0987,E1892,2,34022.30,3402.23
PO0988,E1894,4,40273.67,4027.37
PO0989,E1895,5,6699.43,669.94
PO0990,E1896,6,13237.41,1323.74
PO0991,E1898,8,9341.53,934.15
PO0992,E1900,10,4585.98,458.60
PO0993,E1901,6,24822.69,2482.27
PO0994,E1902,7,32346.92,3234.69
PO0995,E1903,8,6289.64,628.96
PO0996,E1905,10,1547.59,154.76
PO0997,E1906,1,14407.14,1440.71
PO0998,E1907,2,8231.22,823.12
PO0999,E1908,3,46915.46,4691.55
PO1000,E1909,4,17069.53,1706.95
PO1001,E1910,5,30844.58,3084.46
PO1002,E1911,1,55909.32,5590.93
PO1003,E1912,2,50297.86,5029.79
PO1004,E1913,3,33152.30,3315.23
PO1005,E1914,4,13619.66,1361.97
PO1006,E1915,5,30471.99,3047.20
PO1007,E1916,6,28183.75,2818.38
PO1008,E1917,7,1210.86,121.09
PO1009,E1918,8,23544.23,2354.42
PO1010,E1919,9,13363.34,1336.33
PO1011,E1920,10,16511.38,1651.14
PO1012,E1921,6,22285.09,2228.51
PO1013,E1922,7,17565.17,1756.52
PO1014,E1923,8,5010.07,501.01
PO1015,E1924,9,18542.67,1854.27
PO1016,E1925,10,19150.97,1915.10
PO1017,E1926,1,9250.55,925.05
PO1018,E1927,2,34438.29,3443.83
PO1019,E1928,3,36990.62,3699.06
PO1020,E1929,4,20465.23,2046.52
PO1021,E1930,5,17965.25,1796.53
PO1022,E1971,1,14108.61,1410.86
PO1023,E1972,2,24972.51,2497.25
PO1024,E1973,3,26018.99,2601.90
PO1025,E1974,4,30901.21,3090.12
PO1026,E1975,5,31056.81,3105.68
PO1027,E1976,6,26408.25,2640.83
PO1028,E1977,7,19188.76,1918.88
PO1029,E1978,8,23674.71,2367.47
PO1030,E1979,9,1399.86,139.99
PO1031,E1981,6,2961.70,296.17
PO1032,E1983,8,1789.91,178.99
PO1033,E1984,9,6882.77,688.28
PO1034,E1985,10,14559.08,1455.91
PO1035,E1986,1,37155.64,3715.56
PO1036,E1987,2,15667.97,1566.80
PO1037,E1988,3,28268.27,2826.83
PO1038,E1989,4,14459.10,1445.91
PO1039,E1990,5,17543.88,1754.39
PO1040,E1991,1,6085.83,608.58
PO1041,E1992,2,49916.97,4991.70
PO1042,E1993,3,13359.00,1335.90
PO1043,E1994,4,23287.71,2328.77
PO1044,E1995,5,22254.24,2225.42
PO1045,E1996,6,30317.92,3031.79
PO1046,E1997,7,12627.27,1262.73
PO1047,E1998,8,12663.98,1266.40
PO1048,E1999,9,17018.47,1701.85
PO1049,E2000,10,5118.87,511.89
