Entry_ID,Player_ID,Team_ID,Match_ID,Entry_Date,Seed_Rank,Entry_Status
E0001,P0476,T096,M001,2025-02-11,1,Confirmed
E0002,P0477,T096,M001,2025-02-11,2,Confirmed
E0003,P0478,T096,M001,2025-02-11,3,Confirmed
E0004,P0479,T096,M001,2025-02-11,4,Disqualified
E0005,P0480,T096,M001,2025-02-11,5,Confirmed
E0006,P0566,T114,M001,2025-02-11,1,Confirmed
E0007,P0567,T114,M001,2025-02-11,2,Confirmed
E0008,P0568,T114,M001,2025-02-11,3,Confirmed
E0009,P0569,T114,M001,2025-02-11,4,Confirmed
E0010,P0570,T114,M001,2025-02-11,5,Confirmed
E0011,P0566,T114,M002,2025-02-17,1,Confirmed
E0012,P0567,T114,M002,2025-02-17,2,Confirmed
E0013,P0568,T114,M002,2025-02-17,3,Confirmed
E0014,P0569,T114,M002,2025-02-17,4,Confirmed
E0015,P0570,T114,M002,2025-02-17,5,Confirmed
E0016,P0406,T082,M002,2025-02-17,1,Confirmed
E0017,P0407,T082,M002,2025-02-17,2,Confirmed
E0018,P0408,T082,M002,2025-02-17,3,Confirmed
E0019,P0409,T082,M002,2025-02-17,4,Confirmed
E0020,P0410,T082,M002,2025-02-17,5,Confirmed
E0021,P0406,T082,M003,2025-02-19,1,Confirmed
E0022,P0407,T082,M003,2025-02-19,2,Confirmed
E0023,P0408,T082,M003,2025-02-19,3,Confirmed
E0024,P0409,T082,M003,2025-02-19,4,Confirmed
E0025,P0410,T082,M003,2025-02-19,5,Confirmed
E0026,P0346,T070,M003,2025-02-19,1,Confirmed
E0027,P0347,T070,M003,2025-02-19,2,Confirmed
E0028,P0348,T070,M003,2025-02-19,3,Confirmed
E0029,P0349,T070,M003,2025-02-19,4,Confirmed
E0030,P0350,T070,M003,2025-02-19,5,Confirmed
E0031,P0346,T070,M004,2025-02-23,1,Confirmed
E0032,P0347,T070,M004,2025-02-23,2,Confirmed
E0033,P0348,T070,M004,2025-02-23,3,Confirmed
E0034,P0349,T070,M004,2025-02-23,4,Confirmed
E0035,P0350,T070,M004,2025-02-23,5,Confirmed
E0036,P0471,T095,M004,2025-02-23,1,Confirmed
E0037,P0472,T095,M004,2025-02-23,2,Confirmed
E0038,P0473,T095,M004,2025-02-23,3,Confirmed
E0039,P0474,T095,M004,2025-02-23,4,Confirmed
E0040,P0475,T095,M004,2025-02-23,5,Confirmed
E0041,P0471,T095,M005,2025-02-09,1,Confirmed
E0042,P0472,T095,M005,2025-02-09,2,Confirmed
E0043,P0473,T095,M005,2025-02-09,3,Confirmed
E0044,P0474,T095,M005,2025-02-09,4,Confirmed
E0045,P0475,T095,M005,2025-02-09,5,Confirmed
E0046,P0036,T008,M005,2025-02-09,1,Confirmed
E0047,P0037,T008,M005,2025-02-09,2,Waitlist
E0048,P0038,T008,M005,2025-02-09,3,Waitlist
E0049,P0039,T008,M005,2025-02-09,4,Confirmed
E0050,P0040,T008,M005,2025-02-09,5,Confirmed
E0051,P0036,T008,M006,2025-02-20,1,Confirmed
E0052,P0037,T008,M006,2025-02-20,2,Confirmed
E0053,P0038,T008,M006,2025-02-20,3,Confirmed
E0054,P0039,T008,M006,2025-02-20,4,Withdrawn
E0055,P0040,T008,M006,2025-02-20,5,Confirmed
E0056,P0076,T016,M006,2025-02-20,1,Confirmed
E0057,P0077,T016,M006,2025-02-20,2,Confirmed
E0058,P0078,T016,M006,2025-02-20,3,Confirmed
E0059,P0079,T016,M006,2025-02-20,4,Confirmed
E0060,P0080,T016,M006,2025-02-20,5,Confirmed
E0061,P0076,T016,M007,2025-02-14,1,Confirmed
E0062,P0077,T016,M007,2025-02-14,2,Confirmed
E0063,P0078,T016,M007,2025-02-14,3,Withdrawn
E0064,P0079,T016,M007,2025-02-14,4,Withdrawn
E0065,P0080,T016,M007,2025-02-14,5,Withdrawn
E0066,P0126,T026,M007,2025-02-14,1,Withdrawn
E0067,P0127,T026,M007,2025-02-14,2,Withdrawn
E0068,P0128,T026,M007,2025-02-14,3,Confirmed
E0069,P0129,T026,M007,2025-02-14,4,Confirmed
E0070,P0130,T026,M007,2025-02-14,5,Withdrawn
E0071,P0126,T026,M008,2025-02-16,1,Confirmed
E0072,P0127,T026,M008,2025-02-16,2,Confirmed
E0073,P0128,T026,M008,2025-02-16,3,Confirmed
E0074,P0129,T026,M008,2025-02-16,4,Confirmed
E0075,P0130,T026,M008,2025-02-16,5,Confirmed
E0076,P0001,T001,M008,2025-02-16,1,Confirmed
E0077,P0002,T001,M008,2025-02-16,2,Confirmed
E0078,P0003,T001,M008,2025-02-16,3,Confirmed
E0079,P0004,T001,M008,2025-02-16,4,Confirmed
E0080,P0005,T001,M008,2025-02-16,5,Disqualified
E0081,P0001,T001,M009,2025-02-16,1,Confirmed
E0082,P0002,T001,M009,2025-02-16,2,Confirmed
E0083,P0003,T001,M009,2025-02-16,3,Confirmed
E0084,P0004,T001,M009,2025-02-16,4,Confirmed
E0085,P0005,T001,M009,2025-02-16,5,Confirmed
E0086,P0216,T044,M009,2025-02-16,1,Confirmed
E0087,P0217,T044,M009,2025-02-16,2,Confirmed
E0088,P0218,T044,M009,2025-02-16,3,Confirmed
E0089,P0219,T044,M009,2025-02-16,4,Confirmed
E0090,P0220,T044,M009,2025-02-16,5,Confirmed
E0091,P0216,T044,M010,2025-02-18,1,Confirmed
E0092,P0217,T044,M010,2025-02-18,2,Disqualified
E0093,P0218,T044,M010,2025-02-18,3,Confirmed
E0094,P0219,T044,M010,2025-02-18,4,Confirmed
E0095,P0220,T044,M010,2025-02-18,5,Confirmed
E0096,P0571,T115,M010,2025-02-18,1,Confirmed
E0097,P0572,T115,M010,2025-02-18,2,Confirmed
E0098,P0573,T115,M010,2025-02-18,3,Confirmed
E0099,P0574,T115,M010,2025-02-18,4,Confirmed
E0100,P0575,T115,M010,2025-02-18,5,Withdrawn
E0101,P0571,T115,M011,2025-02-14,1,Confirmed
E0102,P0572,T115,M011,2025-02-14,2,Confirmed
E0103,P0573,T115,M011,2025-02-14,3,Confirmed
E0104,P0574,T115,M011,2025-02-14,4,Confirmed
E0105,P0575,T115,M011,2025-02-14,5,Confirmed
E0106,P0296,T060,M011,2025-02-14,1,Confirmed
E0107,P0297,T060,M011,2025-02-14,2,Confirmed
E0108,P0298,T060,M011,2025-02-14,3,Confirmed
E0109,P0299,T060,M011,2025-02-14,4,Confirmed
E0110,P0300,T060,M011,2025-02-14,5,Confirmed
E0111,P0296,T060,M012,2025-02-20,1,Confirmed
E0112,P0297,T060,M012,2025-02-20,2,Confirmed
E0113,P0298,T060,M012,2025-02-20,3,Confirmed
E0114,P0299,T060,M012,2025-02-20,4,Confirmed
E0115,P0300,T060,M012,2025-02-20,5,Confirmed
E0116,P0006,T002,M012,2025-02-20,1,Confirmed
E0117,P0007,T002,M012,2025-02-20,2,Confirmed
E0118,P0008,T002,M012,2025-02-20,3,Confirmed
E0119,P0009,T002,M012,2025-02-20,4,Confirmed
E0120,P0010,T002,M012,2025-02-20,5,Confirmed
E0121,P0006,T002,M013,2025-02-11,1,Confirmed
E0122,P0007,T002,M013,2025-02-11,2,Confirmed
E0123,P0008,T002,M013,2025-02-11,3,Disqualified
E0124,P0009,T002,M013,2025-02-11,4,Confirmed
E0125,P0010,T002,M013,2025-02-11,5,Confirmed
E0126,P0416,T084,M013,2025-02-11,1,Confirmed
E0127,P0417,T084,M013,2025-02-11,2,Confirmed
E0128,P0418,T084,M013,2025-02-11,3,Confirmed
E0129,P0419,T084,M013,2025-02-11,4,Confirmed
E0130,P0420,T084,M013,2025-02-11,5,Confirmed
E0131,P0416,T084,M014,2025-02-25,1,Confirmed
E0132,P0417,T084,M014,2025-02-25,2,Confirmed
E0133,P0418,T084,M014,2025-02-25,3,Waitlist
E0134,P0419,T084,M014,2025-02-25,4,Confirmed
E0135,P0420,T084,M014,2025-02-25,5,Confirmed
E0136,P0521,T105,M014,2025-02-25,1,Waitlist
E0137,P0522,T105,M014,2025-02-25,2,Confirmed
E0138,P0523,T105,M014,2025-02-25,3,Confirmed
E0139,P0524,T105,M014,2025-02-25,4,Confirmed
E0140,P0525,T105,M014,2025-02-25,5,Confirmed
E0141,P0521,T105,M015,2025-02-22,1,Confirmed
E0142,P0522,T105,M015,2025-02-22,2,Confirmed
E0143,P0523,T105,M015,2025-02-22,3,Confirmed
E0144,P0524,T105,M015,2025-02-22,4,Withdrawn
E0145,P0525,T105,M015,2025-02-22,5,Confirmed
E0146,P0061,T013,M015,2025-02-22,1,Confirmed
E0147,P0062,T013,M015,2025-02-22,2,Confirmed
E0148,P0063,T013,M015,2025-02-22,3,Confirmed
E0149,P0064,T013,M015,2025-02-22,4,Confirmed
E0150,P0065,T013,M015,2025-02-22,5,Confirmed
E0151,P0061,T013,M016,2025-02-20,1,Confirmed
E0152,P0062,T013,M016,2025-02-20,2,Withdrawn
E0153,P0063,T013,M016,2025-02-20,3,Confirmed
E0154,P0064,T013,M016,2025-02-20,4,Confirmed
E0155,P0065,T013,M016,2025-02-20,5,Withdrawn
E0156,P0051,T011,M016,2025-02-20,1,Confirmed
E0157,P0052,T011,M016,2025-02-20,2,Withdrawn
E0158,P0053,T011,M016,2025-02-20,3,Confirmed
E0159,P0054,T011,M016,2025-02-20,4,Confirmed
E0160,P0055,T011,M016,2025-02-20,5,Withdrawn
E0161,P0051,T011,M017,2025-02-12,1,Confirmed
E0162,P0052,T011,M017,2025-02-12,2,Withdrawn
E0163,P0053,T011,M017,2025-02-12,3,Confirmed
E0164,P0054,T011,M017,2025-02-12,4,Confirmed
E0165,P0055,T011,M017,2025-02-12,5,Confirmed
E0166,P0236,T048,M017,2025-02-12,1,Confirmed
E0167,P0237,T048,M017,2025-02-12,2,Confirmed
E0168,P0238,T048,M017,2025-02-12,3,Confirmed
E0169,P0239,T048,M017,2025-02-12,4,Confirmed
E0170,P0240,T048,M017,2025-02-12,5,Confirmed
E0171,P0236,T048,M018,2025-02-26,1,Confirmed
E0172,P0237,T048,M018,2025-02-26,2,Confirmed
E0173,P0238,T048,M018,2025-02-26,3,Confirmed
E0174,P0239,T048,M018,2025-02-26,4,Confirmed
E0175,P0240,T048,M018,2025-02-26,5,Confirmed
E0176,P0506,T102,M018,2025-02-26,1,Confirmed
E0177,P0507,T102,M018,2025-02-26,2,Confirmed
E0178,P0508,T102,M018,2025-02-26,3,Confirmed
E0179,P0509,T102,M018,2025-02-26,4,Confirmed
E0180,P0510,T102,M018,2025-02-26,5,Confirmed
E0181,P0506,T102,M019,2025-02-16,1,Withdrawn
E0182,P0507,T102,M019,2025-02-16,2,Confirmed
E0183,P0508,T102,M019,2025-02-16,3,Confirmed
E0184,P0509,T102,M019,2025-02-16,4,Confirmed
E0185,P0510,T102,M019,2025-02-16,5,Confirmed
E0186,P0101,T021,M019,2025-02-16,1,Confirmed
E0187,P0102,T021,M019,2025-02-16,2,Confirmed
E0188,P0103,T021,M019,2025-02-16,3,Confirmed
E0189,P0104,T021,M019,2025-02-16,4,Confirmed
E0190,P0105,T021,M019,2025-02-16,5,Confirmed
E0191,P0101,T021,M020,2025-02-17,1,Confirmed
E0192,P0102,T021,M020,2025-02-17,2,Confirmed
E0193,P0103,T021,M020,2025-02-17,3,Confirmed
E0194,P0104,T021,M020,2025-02-17,4,Confirmed
E0195,P0105,T021,M020,2025-02-17,5,Confirmed
E0196,P0066,T014,M020,2025-02-17,1,Confirmed
E0197,P0067,T014,M020,2025-02-17,2,Confirmed
E0198,P0068,T014,M020,2025-02-17,3,Confirmed
E0199,P0069,T014,M020,2025-02-17,4,Confirmed
E0200,P0070,T014,M020,2025-02-17,5,Confirmed
E0201,P0066,T014,M021,2025-03-03,1,Confirmed
E0202,P0067,T014,M021,2025-03-03,2,Confirmed
E0203,P0068,T014,M021,2025-03-03,3,Confirmed
E0204,P0069,T014,M021,2025-03-03,4,Confirmed
E0205,P0070,T014,M021,2025-03-03,5,Confirmed
E0206,P0306,T062,M021,2025-03-03,1,Confirmed
E0207,P0307,T062,M021,2025-03-03,2,Confirmed
E0208,P0308,T062,M021,2025-03-03,3,Confirmed
E0209,P0309,T062,M021,2025-03-03,4,Confirmed
E0210,P0310,T062,M021,2025-03-03,5,Confirmed
E0211,P0306,T062,M022,2025-03-04,1,Confirmed
E0212,P0307,T062,M022,2025-03-04,2,Confirmed
E0213,P0308,T062,M022,2025-03-04,3,Confirmed
E0214,P0309,T062,M022,2025-03-04,4,Confirmed
E0215,P0310,T062,M022,2025-03-04,5,Confirmed
E0216,P0221,T045,M022,2025-03-04,1,Confirmed
E0217,P0222,T045,M022,2025-03-04,2,Confirmed
E0218,P0223,T045,M022,2025-03-04,3,Confirmed
E0219,P0224,T045,M022,2025-03-04,4,Confirmed
E0220,P0225,T045,M022,2025-03-04,5,Confirmed
E0221,P0221,T045,M023,2025-02-28,1,Waitlist
E0222,P0222,T045,M023,2025-02-28,2,Confirmed
E0223,P0223,T045,M023,2025-02-28,3,Confirmed
E0224,P0224,T045,M023,2025-02-28,4,Confirmed
E0225,P0225,T045,M023,2025-02-28,5,Confirmed
E0226,P0131,T027,M023,2025-02-28,1,Confirmed
E0227,P0132,T027,M023,2025-02-28,2,Waitlist
E0228,P0133,T027,M023,2025-02-28,3,Confirmed
E0229,P0134,T027,M023,2025-02-28,4,Confirmed
E0230,P0135,T027,M023,2025-02-28,5,Confirmed
E0231,P0131,T027,M024,2025-02-14,1,Confirmed
E0232,P0132,T027,M024,2025-02-14,2,Confirmed
E0233,P0133,T027,M024,2025-02-14,3,Confirmed
E0234,P0134,T027,M024,2025-02-14,4,Confirmed
E0235,P0135,T027,M024,2025-02-14,5,Confirmed
E0236,P0196,T040,M024,2025-02-14,1,Confirmed
E0237,P0197,T040,M024,2025-02-14,2,Confirmed
E0238,P0198,T040,M024,2025-02-14,3,Confirmed
E0239,P0199,T040,M024,2025-02-14,4,Confirmed
E0240,P0200,T040,M024,2025-02-14,5,Confirmed
E0241,P0196,T040,M025,2025-03-02,1,Confirmed
E0242,P0197,T040,M025,2025-03-02,2,Withdrawn
E0243,P0198,T040,M025,2025-03-02,3,Confirmed
E0244,P0199,T040,M025,2025-03-02,4,Withdrawn
E0245,P0200,T040,M025,2025-03-02,5,Withdrawn
E0246,P0536,T108,M025,2025-03-02,1,Withdrawn
E0247,P0537,T108,M025,2025-03-02,2,Confirmed
E0248,P0538,T108,M025,2025-03-02,3,Withdrawn
E0249,P0539,T108,M025,2025-03-02,4,Withdrawn
E0250,P0540,T108,M025,2025-03-02,5,Withdrawn
E0251,P0536,T108,M026,2025-02-23,1,Confirmed
E0252,P0537,T108,M026,2025-02-23,2,Confirmed
E0253,P0538,T108,M026,2025-02-23,3,Confirmed
E0254,P0539,T108,M026,2025-02-23,4,Confirmed
E0255,P0540,T108,M026,2025-02-23,5,Confirmed
E0256,P0136,T028,M026,2025-02-23,1,Confirmed
E0257,P0137,T028,M026,2025-02-23,2,Withdrawn
E0258,P0138,T028,M026,2025-02-23,3,Confirmed
E0259,P0139,T028,M026,2025-02-23,4,Confirmed
E0260,P0140,T028,M026,2025-02-23,5,Confirmed
E0261,P0136,T028,M027,2025-03-05,1,Confirmed
E0262,P0137,T028,M027,2025-03-05,2,Confirmed
E0263,P0138,T028,M027,2025-03-05,3,Confirmed
E0264,P0139,T028,M027,2025-03-05,4,Confirmed
E0265,P0140,T028,M027,2025-03-05,5,Confirmed
E0266,P0321,T065,M027,2025-03-05,1,Confirmed
E0267,P0322,T065,M027,2025-03-05,2,Confirmed
E0268,P0323,T065,M027,2025-03-05,3,Confirmed
E0269,P0324,T065,M027,2025-03-05,4,Confirmed
E0270,P0325,T065,M027,2025-03-05,5,Confirmed
E0271,P0321,T065,M028,2025-02-28,1,Confirmed
E0272,P0322,T065,M028,2025-02-28,2,Confirmed
E0273,P0323,T065,M028,2025-02-28,3,Confirmed
E0274,P0324,T065,M028,2025-02-28,4,Confirmed
E0275,P0325,T065,M028,2025-02-28,5,Confirmed
E0276,P0376,T076,M028,2025-02-28,1,Confirmed
E0277,P0377,T076,M028,2025-02-28,2,Confirmed
E0278,P0378,T076,M028,2025-02-28,3,Confirmed
E0279,P0379,T076,M028,2025-02-28,4,Confirmed
E0280,P0380,T076,M028,2025-02-28,5,Confirmed
E0281,P0376,T076,M029,2025-03-02,1,Confirmed
E0282,P0377,T076,M029,2025-03-02,2,Confirmed
E0283,P0378,T076,M029,2025-03-02,3,Confirmed
E0284,P0379,T076,M029,2025-03-02,4,Confirmed
E0285,P0380,T076,M029,2025-03-02,5,Confirmed
E0286,P0546,T110,M029,2025-03-02,1,Confirmed
E0287,P0547,T110,M029,2025-03-02,2,Confirmed
E0288,P0548,T110,M029,2025-03-02,3,Confirmed
E0289,P0549,T110,M029,2025-03-02,4,Disqualified
E0290,P0550,T110,M029,2025-03-02,5,Disqualified
E0291,P0546,T110,M030,2025-03-04,1,Confirmed
E0292,P0547,T110,M030,2025-03-04,2,Confirmed
E0293,P0548,T110,M030,2025-03-04,3,Confirmed
E0294,P0549,T110,M030,2025-03-04,4,Confirmed
E0295,P0550,T110,M030,2025-03-04,5,Confirmed
E0296,P0436,T088,M030,2025-03-04,1,Confirmed
E0297,P0437,T088,M030,2025-03-04,2,Confirmed
E0298,P0438,T088,M030,2025-03-04,3,Confirmed
E0299,P0439,T088,M030,2025-03-04,4,Confirmed
E0300,P0440,T088,M030,2025-03-04,5,Confirmed
E0301,P0436,T088,M031,2025-03-06,1,Confirmed
E0302,P0437,T088,M031,2025-03-06,2,Confirmed
E0303,P0438,T088,M031,2025-03-06,3,Confirmed
E0304,P0439,T088,M031,2025-03-06,4,Disqualified
E0305,P0440,T088,M031,2025-03-06,5,Confirmed
E0306,P0156,T032,M031,2025-03-06,1,Confirmed
E0307,P0157,T032,M031,2025-03-06,2,Confirmed
E0308,P0158,T032,M031,2025-03-06,3,Confirmed
E0309,P0159,T032,M031,2025-03-06,4,Confirmed
E0310,P0160,T032,M031,2025-03-06,5,Confirmed
E0311,P0156,T032,M032,2025-02-26,1,Confirmed
E0312,P0157,T032,M032,2025-02-26,2,Confirmed
E0313,P0158,T032,M032,2025-02-26,3,Waitlist
E0314,P0159,T032,M032,2025-02-26,4,Confirmed
E0315,P0160,T032,M032,2025-02-26,5,Confirmed
E0316,P0301,T061,M032,2025-02-26,1,Confirmed
E0317,P0302,T061,M032,2025-02-26,2,Confirmed
E0318,P0303,T061,M032,2025-02-26,3,Confirmed
E0319,P0304,T061,M032,2025-02-26,4,Confirmed
E0320,P0305,T061,M032,2025-02-26,5,Confirmed
E0321,P0301,T061,M033,2025-03-05,1,Confirmed
E0322,P0302,T061,M033,2025-03-05,2,Confirmed
E0323,P0303,T061,M033,2025-03-05,3,Confirmed
E0324,P0304,T061,M033,2025-03-05,4,Confirmed
E0325,P0305,T061,M033,2025-03-05,5,Confirmed
E0326,P0391,T079,M033,2025-03-05,1,Confirmed
E0327,P0392,T079,M033,2025-03-05,2,Confirmed
E0328,P0393,T079,M033,2025-03-05,3,Confirmed
E0329,P0394,T079,M033,2025-03-05,4,Confirmed
E0330,P0395,T079,M033,2025-03-05,5,Withdrawn
E0331,P0391,T079,M034,2025-02-27,1,Withdrawn
E0332,P0392,T079,M034,2025-02-27,2,Confirmed
E0333,P0393,T079,M034,2025-02-27,3,Withdrawn
E0334,P0394,T079,M034,2025-02-27,4,Withdrawn
E0335,P0395,T079,M034,2025-02-27,5,Confirmed
E0336,P0121,T025,M034,2025-02-27,1,Withdrawn
E0337,P0122,T025,M034,2025-02-27,2,Withdrawn
E0338,P0123,T025,M034,2025-02-27,3,Withdrawn
E0339,P0124,T025,M034,2025-02-27,4,Withdrawn
E0340,P0125,T025,M034,2025-02-27,5,Withdrawn
E0341,P0121,T025,M035,2025-02-27,1,Confirmed
E0342,P0122,T025,M035,2025-02-27,2,Confirmed
E0343,P0123,T025,M035,2025-02-27,3,Confirmed
E0344,P0124,T025,M035,2025-02-27,4,Confirmed
E0345,P0125,T025,M035,2025-02-27,5,Confirmed
E0346,P0581,T117,M035,2025-02-27,1,Confirmed
E0347,P0582,T117,M035,2025-02-27,2,Confirmed
E0348,P0583,T117,M035,2025-02-27,3,Confirmed
E0349,P0584,T117,M035,2025-02-27,4,Confirmed
E0350,P0585,T117,M035,2025-02-27,5,Confirmed
E0351,P0581,T117,M036,2025-02-26,1,Confirmed
E0352,P0582,T117,M036,2025-02-26,2,Confirmed
E0353,P0583,T117,M036,2025-02-26,3,Confirmed
E0354,P0584,T117,M036,2025-02-26,4,Confirmed
E0355,P0585,T117,M036,2025-02-26,5,Confirmed
E0356,P0381,T077,M036,2025-02-26,1,Confirmed
E0357,P0382,T077,M036,2025-02-26,2,Confirmed
E0358,P0383,T077,M036,2025-02-26,3,Confirmed
E0359,P0384,T077,M036,2025-02-26,4,Confirmed
E0360,P0385,T077,M036,2025-02-26,5,Confirmed
E0361,P0381,T077,M037,2025-03-06,1,Confirmed
E0362,P0382,T077,M037,2025-03-06,2,Confirmed
E0363,P0383,T077,M037,2025-03-06,3,Confirmed
E0364,P0384,T077,M037,2025-03-06,4,Confirmed
E0365,P0385,T077,M037,2025-03-06,5,Confirmed
E0366,P0211,T043,M037,2025-03-06,1,Confirmed
E0367,P0212,T043,M037,2025-03-06,2,Confirmed
E0368,P0213,T043,M037,2025-03-06,3,Confirmed
E0369,P0214,T043,M037,2025-03-06,4,Confirmed
E0370,P0215,T043,M037,2025-03-06,5,Confirmed
E0371,P0211,T043,M038,2025-02-26,1,Withdrawn
E0372,P0212,T043,M038,2025-02-26,2,Confirmed
E0373,P0213,T043,M038,2025-02-26,3,Confirmed
E0374,P0214,T043,M038,2025-02-26,4,Confirmed
E0375,P0215,T043,M038,2025-02-26,5,Confirmed
E0376,P0251,T051,M038,2025-02-26,1,Confirmed
E0377,P0252,T051,M038,2025-02-26,2,Confirmed
E0378,P0253,T051,M038,2025-02-26,3,Confirmed
E0379,P0254,T051,M038,2025-02-26,4,Confirmed
E0380,P0255,T051,M038,2025-02-26,5,Confirmed
E0381,P0251,T051,M039,2025-03-01,1,Confirmed
E0382,P0252,T051,M039,2025-03-01,2,Confirmed
E0383,P0253,T051,M039,2025-03-01,3,Confirmed
E0384,P0254,T051,M039,2025-03-01,4,Confirmed
E0385,P0255,T051,M039,2025-03-01,5,Confirmed
E0386,P0486,T098,M039,2025-03-01,1,Confirmed
E0387,P0487,T098,M039,2025-03-01,2,Confirmed
E0388,P0488,T098,M039,2025-03-01,3,Disqualified
E0389,P0489,T098,M039,2025-03-01,4,Confirmed
E0390,P0490,T098,M039,2025-03-01,5,Confirmed
E0391,P0486,T098,M040,2025-02-25,1,Confirmed
E0392,P0487,T098,M040,2025-02-25,2,Confirmed
E0393,P0488,T098,M040,2025-02-25,3,Confirmed
E0394,P0489,T098,M040,2025-02-25,4,Confirmed
E0395,P0490,T098,M040,2025-02-25,5,Confirmed
E0396,P0411,T083,M040,2025-02-25,1,Confirmed
E0397,P0412,T083,M040,2025-02-25,2,Confirmed
E0398,P0413,T083,M040,2025-02-25,3,Confirmed
E0399,P0414,T083,M040,2025-02-25,4,Confirmed
E0400,P0415,T083,M040,2025-02-25,5,Confirmed
E0401,P0411,T083,M041,2025-03-05,1,Confirmed
E0402,P0412,T083,M041,2025-03-05,2,Confirmed
E0403,P0413,T083,M041,2025-03-05,3,Confirmed
E0404,P0414,T083,M041,2025-03-05,4,Confirmed
E0405,P0415,T083,M041,2025-03-05,5,Confirmed
E0406,P0496,T100,M041,2025-03-05,1,Confirmed
E0407,P0497,T100,M041,2025-03-05,2,Confirmed
E0408,P0498,T100,M041,2025-03-05,3,Confirmed
E0409,P0499,T100,M041,2025-03-05,4,Confirmed
E0410,P0500,T100,M041,2025-03-05,5,Confirmed
E0411,P0496,T100,M042,2025-03-06,1,Disqualified
E0412,P0497,T100,M042,2025-03-06,2,Confirmed
E0413,P0498,T100,M042,2025-03-06,3,Confirmed
E0414,P0499,T100,M042,2025-03-06,4,Confirmed
E0415,P0500,T100,M042,2025-03-06,5,Confirmed
E0416,P0511,T103,M042,2025-03-06,1,Confirmed
E0417,P0512,T103,M042,2025-03-06,2,Confirmed
E0418,P0513,T103,M042,2025-03-06,3,Confirmed
E0419,P0514,T103,M042,2025-03-06,4,Confirmed
E0420,P0515,T103,M042,2025-03-06,5,Confirmed
E0421,P0511,T103,M043,2025-03-08,1,Withdrawn
E0422,P0512,T103,M043,2025-03-08,2,Confirmed
E0423,P0513,T103,M043,2025-03-08,3,Withdrawn
E0424,P0514,T103,M043,2025-03-08,4,Confirmed
E0425,P0515,T103,M043,2025-03-08,5,Withdrawn
E0426,P0396,T080,M043,2025-03-08,1,Withdrawn
E0427,P0397,T080,M043,2025-03-08,2,Withdrawn
E0428,P0398,T080,M043,2025-03-08,3,Withdrawn
E0429,P0399,T080,M043,2025-03-08,4,Confirmed
E0430,P0400,T080,M043,2025-03-08,5,Withdrawn
E0431,P0396,T080,M044,2025-03-02,1,Confirmed
E0432,P0397,T080,M044,2025-03-02,2,Confirmed
E0433,P0398,T080,M044,2025-03-02,3,Confirmed
E0434,P0399,T080,M044,2025-03-02,4,Confirmed
E0435,P0400,T080,M044,2025-03-02,5,Confirmed
E0436,P0176,T036,M044,2025-03-02,1,Confirmed
E0437,P0177,T036,M044,2025-03-02,2,Confirmed
E0438,P0178,T036,M044,2025-03-02,3,Confirmed
E0439,P0179,T036,M044,2025-03-02,4,Confirmed
E0440,P0180,T036,M044,2025-03-02,5,Confirmed
E0441,P0176,T036,M045,2025-03-07,1,Confirmed
E0442,P0177,T036,M045,2025-03-07,2,Confirmed
E0443,P0178,T036,M045,2025-03-07,3,Confirmed
E0444,P0179,T036,M045,2025-03-07,4,Confirmed
E0445,P0180,T036,M045,2025-03-07,5,Confirmed
E0446,P0426,T086,M045,2025-03-07,1,Confirmed
E0447,P0427,T086,M045,2025-03-07,2,Confirmed
E0448,P0428,T086,M045,2025-03-07,3,Confirmed
E0449,P0429,T086,M045,2025-03-07,4,Confirmed
E0450,P0430,T086,M045,2025-03-07,5,Confirmed
E0451,P0426,T086,M046,2025-03-02,1,Confirmed
E0452,P0427,T086,M046,2025-03-02,2,Confirmed
E0453,P0428,T086,M046,2025-03-02,3,Confirmed
E0454,P0429,T086,M046,2025-03-02,4,Confirmed
E0455,P0430,T086,M046,2025-03-02,5,Confirmed
E0456,P0266,T054,M046,2025-03-02,1,Confirmed
E0457,P0267,T054,M046,2025-03-02,2,Confirmed
E0458,P0268,T054,M046,2025-03-02,3,Confirmed
E0459,P0269,T054,M046,2025-03-02,4,Confirmed
E0460,P0270,T054,M046,2025-03-02,5,Confirmed
E0461,P0266,T054,M047,2025-03-04,1,Confirmed
E0462,P0267,T054,M047,2025-03-04,2,Confirmed
E0463,P0268,T054,M047,2025-03-04,3,Confirmed
E0464,P0269,T054,M047,2025-03-04,4,Confirmed
E0465,P0270,T054,M047,2025-03-04,5,Confirmed
E0466,P0596,T120,M047,2025-03-04,1,Confirmed
E0467,P0597,T120,M047,2025-03-04,2,Confirmed
E0468,P0598,T120,M047,2025-03-04,3,Confirmed
E0469,P0599,T120,M047,2025-03-04,4,Confirmed
E0470,P0600,T120,M047,2025-03-04,5,Confirmed
E0471,P0596,T120,M048,2025-03-01,1,Confirmed
E0472,P0597,T120,M048,2025-03-01,2,Confirmed
E0473,P0598,T120,M048,2025-03-01,3,Confirmed
E0474,P0599,T120,M048,2025-03-01,4,Confirmed
E0475,P0600,T120,M048,2025-03-01,5,Confirmed
E0476,P0281,T057,M048,2025-03-01,1,Confirmed
E0477,P0282,T057,M048,2025-03-01,2,Confirmed
E0478,P0283,T057,M048,2025-03-01,3,Withdrawn
E0479,P0284,T057,M048,2025-03-01,4,Confirmed
E0480,P0285,T057,M048,2025-03-01,5,Confirmed
E0481,P0281,T057,M049,2025-03-09,1,Confirmed
E0482,P0282,T057,M049,2025-03-09,2,Confirmed
E0483,P0283,T057,M049,2025-03-09,3,Confirmed
E0484,P0284,T057,M049,2025-03-09,4,Confirmed
E0485,P0285,T057,M049,2025-03-09,5,Confirmed
E0486,P0401,T081,M049,2025-03-09,1,Confirmed
E0487,P0402,T081,M049,2025-03-09,2,Confirmed
E0488,P0403,T081,M049,2025-03-09,3,Confirmed
E0489,P0404,T081,M049,2025-03-09,4,Confirmed
E0490,P0405,T081,M049,2025-03-09,5,Confirmed
E0491,P0401,T081,M050,2025-03-06,1,Confirmed
E0492,P0402,T081,M050,2025-03-06,2,Confirmed
E0493,P0403,T081,M050,2025-03-06,3,Confirmed
E0494,P0404,T081,M050,2025-03-06,4,Confirmed
E0495,P0405,T081,M050,2025-03-06,5,Waitlist
E0496,P0261,T053,M050,2025-03-06,1,Confirmed
E0497,P0262,T053,M050,2025-03-06,2,Confirmed
E0498,P0263,T053,M050,2025-03-06,3,Confirmed
E0499,P0264,T053,M050,2025-03-06,4,Confirmed
E0500,P0265,T053,M050,2025-03-06,5,Confirmed
E0501,P0261,T053,M051,2025-02-21,1,Confirmed
E0502,P0262,T053,M051,2025-02-21,2,Confirmed
E0503,P0263,T053,M051,2025-02-21,3,Confirmed
E0504,P0264,T053,M051,2025-02-21,4,Confirmed
E0505,P0265,T053,M051,2025-02-21,5,Confirmed
E0506,P0421,T085,M051,2025-02-21,1,Confirmed
E0507,P0422,T085,M051,2025-02-21,2,Confirmed
E0508,P0423,T085,M051,2025-02-21,3,Confirmed
E0509,P0424,T085,M051,2025-02-21,4,Confirmed
E0510,P0425,T085,M051,2025-02-21,5,Confirmed
E0511,P0421,T085,M052,2025-03-11,1,Confirmed
E0512,P0422,T085,M052,2025-03-11,2,Confirmed
E0513,P0423,T085,M052,2025-03-11,3,Confirmed
E0514,P0424,T085,M052,2025-03-11,4,Withdrawn
E0515,P0425,T085,M052,2025-03-11,5,Withdrawn
E0516,P0371,T075,M052,2025-03-11,1,Withdrawn
E0517,P0372,T075,M052,2025-03-11,2,Withdrawn
E0518,P0373,T075,M052,2025-03-11,3,Withdrawn
E0519,P0374,T075,M052,2025-03-11,4,Withdrawn
E0520,P0375,T075,M052,2025-03-11,5,Confirmed
E0521,P0371,T075,M053,2025-02-21,1,Confirmed
E0522,P0372,T075,M053,2025-02-21,2,Confirmed
E0523,P0373,T075,M053,2025-02-21,3,Confirmed
E0524,P0374,T075,M053,2025-02-21,4,Confirmed
E0525,P0375,T075,M053,2025-02-21,5,Confirmed
E0526,P0351,T071,M053,2025-02-21,1,Confirmed
E0527,P0352,T071,M053,2025-02-21,2,Confirmed
E0528,P0353,T071,M053,2025-02-21,3,Confirmed
E0529,P0354,T071,M053,2025-02-21,4,Confirmed
E0530,P0355,T071,M053,2025-02-21,5,Confirmed
E0531,P0351,T071,M054,2025-03-09,1,Confirmed
E0532,P0352,T071,M054,2025-03-09,2,Confirmed
E0533,P0353,T071,M054,2025-03-09,3,Disqualified
E0534,P0354,T071,M054,2025-03-09,4,Confirmed
E0535,P0355,T071,M054,2025-03-09,5,Disqualified
E0536,P0116,T024,M054,2025-03-09,1,Confirmed
E0537,P0117,T024,M054,2025-03-09,2,Confirmed
E0538,P0118,T024,M054,2025-03-09,3,Confirmed
E0539,P0119,T024,M054,2025-03-09,4,Confirmed
E0540,P0120,T024,M054,2025-03-09,5,Confirmed
E0541,P0116,T024,M055,2025-02-25,1,Confirmed
E0542,P0117,T024,M055,2025-02-25,2,Confirmed
E0543,P0118,T024,M055,2025-02-25,3,Confirmed
E0544,P0119,T024,M055,2025-02-25,4,Disqualified
E0545,P0120,T024,M055,2025-02-25,5,Confirmed
E0546,P0021,T005,M055,2025-02-25,1,Confirmed
E0547,P0022,T005,M055,2025-02-25,2,Confirmed
E0548,P0023,T005,M055,2025-02-25,3,Confirmed
E0549,P0024,T005,M055,2025-02-25,4,Confirmed
E0550,P0025,T005,M055,2025-02-25,5,Confirmed
E0551,P0021,T005,M056,2025-02-27,1,Confirmed
E0552,P0022,T005,M056,2025-02-27,2,Confirmed
E0553,P0023,T005,M056,2025-02-27,3,Confirmed
E0554,P0024,T005,M056,2025-02-27,4,Disqualified
E0555,P0025,T005,M056,2025-02-27,5,Confirmed
E0556,P0451,T091,M056,2025-02-27,1,Confirmed
E0557,P0452,T091,M056,2025-02-27,2,Confirmed
E0558,P0453,T091,M056,2025-02-27,3,Confirmed
E0559,P0454,T091,M056,2025-02-27,4,Confirmed
E0560,P0455,T091,M056,2025-02-27,5,Confirmed
E0561,P0451,T091,M057,2025-03-03,1,Confirmed
E0562,P0452,T091,M057,2025-03-03,2,Confirmed
E0563,P0453,T091,M057,2025-03-03,3,Confirmed
E0564,P0454,T091,M057,2025-03-03,4,Confirmed
E0565,P0455,T091,M057,2025-03-03,5,Disqualified
E0566,P0146,T030,M057,2025-03-03,1,Confirmed
E0567,P0147,T030,M057,2025-03-03,2,Confirmed
E0568,P0148,T030,M057,2025-03-03,3,Confirmed
E0569,P0149,T030,M057,2025-03-03,4,Confirmed
E0570,P0150,T030,M057,2025-03-03,5,Confirmed
E0571,P0146,T030,M058,2025-03-11,1,Confirmed
E0572,P0147,T030,M058,2025-03-11,2,Confirmed
E0573,P0148,T030,M058,2025-03-11,3,Confirmed
E0574,P0149,T030,M058,2025-03-11,4,Confirmed
E0575,P0150,T030,M058,2025-03-11,5,Confirmed
E0576,P0491,T099,M058,2025-03-11,1,Confirmed
E0577,P0492,T099,M058,2025-03-11,2,Confirmed
E0578,P0493,T099,M058,2025-03-11,3,Confirmed
E0579,P0494,T099,M058,2025-03-11,4,Confirmed
E0580,P0495,T099,M058,2025-03-11,5,Confirmed
E0581,P0491,T099,M059,2025-03-12,1,Confirmed
E0582,P0492,T099,M059,2025-03-12,2,Confirmed
E0583,P0493,T099,M059,2025-03-12,3,Waitlist
E0584,P0494,T099,M059,2025-03-12,4,Confirmed
E0585,P0495,T099,M059,2025-03-12,5,Confirmed
E0586,P0071,T015,M059,2025-03-12,1,Confirmed
E0587,P0072,T015,M059,2025-03-12,2,Confirmed
E0588,P0073,T015,M059,2025-03-12,3,Waitlist
E0589,P0074,T015,M059,2025-03-12,4,Confirmed
E0590,P0075,T015,M059,2025-03-12,5,Confirmed
E0591,P0071,T015,M060,2025-02-26,1,Confirmed
E0592,P0072,T015,M060,2025-02-26,2,Confirmed
E0593,P0073,T015,M060,2025-02-26,3,Confirmed
E0594,P0074,T015,M060,2025-02-26,4,Confirmed
E0595,P0075,T015,M060,2025-02-26,5,Confirmed
E0596,P0206,T042,M060,2025-02-26,1,Confirmed
E0597,P0207,T042,M060,2025-02-26,2,Confirmed
E0598,P0208,T042,M060,2025-02-26,3,Confirmed
E0599,P0209,T042,M060,2025-02-26,4,Confirmed
E0600,P0210,T042,M060,2025-02-26,5,Confirmed
E0601,P0206,T042,M061,2025-03-05,1,Withdrawn
E0602,P0207,T042,M061,2025-03-05,2,Withdrawn
E0603,P0208,T042,M061,2025-03-05,3,Confirmed
E0604,P0209,T042,M061,2025-03-05,4,Withdrawn
E0605,P0210,T042,M061,2025-03-05,5,Withdrawn
E0606,P0481,T097,M061,2025-03-05,1,Withdrawn
E0607,P0482,T097,M061,2025-03-05,2,Confirmed
E0608,P0483,T097,M061,2025-03-05,3,Withdrawn
E0609,P0484,T097,M061,2025-03-05,4,Confirmed
E0610,P0485,T097,M061,2025-03-05,5,Confirmed
E0611,P0481,T097,M062,2025-03-05,1,Confirmed
E0612,P0482,T097,M062,2025-03-05,2,Confirmed
E0613,P0483,T097,M062,2025-03-05,3,Confirmed
E0614,P0484,T097,M062,2025-03-05,4,Confirmed
E0615,P0485,T097,M062,2025-03-05,5,Confirmed
E0616,P0356,T072,M062,2025-03-05,1,Confirmed
E0617,P0357,T072,M062,2025-03-05,2,Confirmed
E0618,P0358,T072,M062,2025-03-05,3,Confirmed
E0619,P0359,T072,M062,2025-03-05,4,Confirmed
E0620,P0360,T072,M062,2025-03-05,5,Confirmed
E0621,P0356,T072,M063,2025-03-14,1,Confirmed
E0622,P0357,T072,M063,2025-03-14,2,Confirmed
E0623,P0358,T072,M063,2025-03-14,3,Confirmed
E0624,P0359,T072,M063,2025-03-14,4,Confirmed
E0625,P0360,T072,M063,2025-03-14,5,Confirmed
E0626,P0011,T003,M063,2025-03-14,1,Confirmed
E0627,P0012,T003,M063,2025-03-14,2,Withdrawn
E0628,P0013,T003,M063,2025-03-14,3,Confirmed
E0629,P0014,T003,M063,2025-03-14,4,Confirmed
E0630,P0015,T003,M063,2025-03-14,5,Confirmed
E0631,P0011,T003,M064,2025-03-13,1,Confirmed
E0632,P0012,T003,M064,2025-03-13,2,Confirmed
E0633,P0013,T003,M064,2025-03-13,3,Confirmed
E0634,P0014,T003,M064,2025-03-13,4,Confirmed
E0635,P0015,T003,M064,2025-03-13,5,Confirmed
E0636,P0166,T034,M064,2025-03-13,1,Confirmed
E0637,P0167,T034,M064,2025-03-13,2,Withdrawn
E0638,P0168,T034,M064,2025-03-13,3,Confirmed
E0639,P0169,T034,M064,2025-03-13,4,Confirmed
E0640,P0170,T034,M064,2025-03-13,5,Confirmed
E0641,P0166,T034,M065,2025-03-09,1,Confirmed
E0642,P0167,T034,M065,2025-03-09,2,Confirmed
E0643,P0168,T034,M065,2025-03-09,3,Confirmed
E0644,P0169,T034,M065,2025-03-09,4,Confirmed
E0645,P0170,T034,M065,2025-03-09,5,Confirmed
E0646,P0016,T004,M065,2025-03-09,1,Confirmed
E0647,P0017,T004,M065,2025-03-09,2,Withdrawn
E0648,P0018,T004,M065,2025-03-09,3,Confirmed
E0649,P0019,T004,M065,2025-03-09,4,Confirmed
E0650,P0020,T004,M065,2025-03-09,5,Confirmed
E0651,P0016,T004,M066,2025-03-13,1,Confirmed
E0652,P0017,T004,M066,2025-03-13,2,Confirmed
E0653,P0018,T004,M066,2025-03-13,3,Confirmed
E0654,P0019,T004,M066,2025-03-13,4,Confirmed
E0655,P0020,T004,M066,2025-03-13,5,Confirmed
E0656,P0341,T069,M066,2025-03-13,1,Confirmed
E0657,P0342,T069,M066,2025-03-13,2,Confirmed
E0658,P0343,T069,M066,2025-03-13,3,Confirmed
E0659,P0344,T069,M066,2025-03-13,4,Confirmed
E0660,P0345,T069,M066,2025-03-13,5,Confirmed
E0661,P0341,T069,M067,2025-03-05,1,Confirmed
E0662,P0342,T069,M067,2025-03-05,2,Confirmed
E0663,P0343,T069,M067,2025-03-05,3,Confirmed
E0664,P0344,T069,M067,2025-03-05,4,Confirmed
E0665,P0345,T069,M067,2025-03-05,5,Confirmed
E0666,P0516,T104,M067,2025-03-05,1,Confirmed
E0667,P0517,T104,M067,2025-03-05,2,Confirmed
E0668,P0518,T104,M067,2025-03-05,3,Confirmed
E0669,P0519,T104,M067,2025-03-05,4,Confirmed
E0670,P0520,T104,M067,2025-03-05,5,Confirmed
E0671,P0516,T104,M068,2025-03-02,1,Confirmed
E0672,P0517,T104,M068,2025-03-02,2,Confirmed
E0673,P0518,T104,M068,2025-03-02,3,Confirmed
E0674,P0519,T104,M068,2025-03-02,4,Confirmed
E0675,P0520,T104,M068,2025-03-02,5,Confirmed
E0676,P0256,T052,M068,2025-03-02,1,Confirmed
E0677,P0257,T052,M068,2025-03-02,2,Confirmed
E0678,P0258,T052,M068,2025-03-02,3,Confirmed
E0679,P0259,T052,M068,2025-03-02,4,Confirmed
E0680,P0260,T052,M068,2025-03-02,5,Confirmed
E0681,P0256,T052,M069,2025-03-09,1,Confirmed
E0682,P0257,T052,M069,2025-03-09,2,Confirmed
E0683,P0258,T052,M069,2025-03-09,3,Confirmed
E0684,P0259,T052,M069,2025-03-09,4,Confirmed
E0685,P0260,T052,M069,2025-03-09,5,Confirmed
E0686,P0526,T106,M069,2025-03-09,1,Confirmed
E0687,P0527,T106,M069,2025-03-09,2,Confirmed
E0688,P0528,T106,M069,2025-03-09,3,Disqualified
E0689,P0529,T106,M069,2025-03-09,4,Confirmed
E0690,P0530,T106,M069,2025-03-09,5,Confirmed
E0691,P0526,T106,M070,2025-03-05,1,Confirmed
E0692,P0527,T106,M070,2025-03-05,2,Confirmed
E0693,P0528,T106,M070,2025-03-05,3,Withdrawn
E0694,P0529,T106,M070,2025-03-05,4,Withdrawn
E0695,P0530,T106,M070,2025-03-05,5,Withdrawn
E0696,P0241,T049,M070,2025-03-05,1,Confirmed
E0697,P0242,T049,M070,2025-03-05,2,Confirmed
E0698,P0243,T049,M070,2025-03-05,3,Confirmed
E0699,P0244,T049,M070,2025-03-05,4,Confirmed
E0700,P0245,T049,M070,2025-03-05,5,Confirmed
E0701,P0241,T049,M071,2025-03-05,1,Confirmed
E0702,P0242,T049,M071,2025-03-05,2,Confirmed
E0703,P0243,T049,M071,2025-03-05,3,Confirmed
E0704,P0244,T049,M071,2025-03-05,4,Confirmed
E0705,P0245,T049,M071,2025-03-05,5,Confirmed
E0706,P0576,T116,M071,2025-03-05,1,Confirmed
E0707,P0577,T116,M071,2025-03-05,2,Confirmed
E0708,P0578,T116,M071,2025-03-05,3,Confirmed
E0709,P0579,T116,M071,2025-03-05,4,Confirmed
E0710,P0580,T116,M071,2025-03-05,5,Confirmed
E0711,P0576,T116,M072,2025-03-06,1,Confirmed
E0712,P0577,T116,M072,2025-03-06,2,Confirmed
E0713,P0578,T116,M072,2025-03-06,3,Confirmed
E0714,P0579,T116,M072,2025-03-06,4,Confirmed
E0715,P0580,T116,M072,2025-03-06,5,Confirmed
E0716,P0291,T059,M072,2025-03-06,1,Confirmed
E0717,P0292,T059,M072,2025-03-06,2,Confirmed
E0718,P0293,T059,M072,2025-03-06,3,Confirmed
E0719,P0294,T059,M072,2025-03-06,4,Confirmed
E0720,P0295,T059,M072,2025-03-06,5,Confirmed
E0721,P0291,T059,M073,2025-03-05,1,Confirmed
E0722,P0292,T059,M073,2025-03-05,2,Confirmed
E0723,P0293,T059,M073,2025-03-05,3,Confirmed
E0724,P0294,T059,M073,2025-03-05,4,Confirmed
E0725,P0295,T059,M073,2025-03-05,5,Confirmed
E0726,P0446,T090,M073,2025-03-05,1,Confirmed
E0727,P0447,T090,M073,2025-03-05,2,Disqualified
E0728,P0448,T090,M073,2025-03-05,3,Confirmed
E0729,P0449,T090,M073,2025-03-05,4,Confirmed
E0730,P0450,T090,M073,2025-03-05,5,Confirmed
E0731,P0446,T090,M074,2025-03-16,1,Disqualified
E0732,P0447,T090,M074,2025-03-16,2,Confirmed
E0733,P0448,T090,M074,2025-03-16,3,Confirmed
E0734,P0449,T090,M074,2025-03-16,4,Confirmed
E0735,P0450,T090,M074,2025-03-16,5,Confirmed
E0736,P0141,T029,M074,2025-03-16,1,Confirmed
E0737,P0142,T029,M074,2025-03-16,2,Confirmed
E0738,P0143,T029,M074,2025-03-16,3,Confirmed
E0739,P0144,T029,M074,2025-03-16,4,Confirmed
E0740,P0145,T029,M074,2025-03-16,5,Confirmed
E0741,P0141,T029,M075,2025-03-15,1,Confirmed
E0742,P0142,T029,M075,2025-03-15,2,Confirmed
E0743,P0143,T029,M075,2025-03-15,3,Confirmed
E0744,P0144,T029,M075,2025-03-15,4,Confirmed
E0745,P0145,T029,M075,2025-03-15,5,Confirmed
E0746,P0361,T073,M075,2025-03-15,1,Confirmed
E0747,P0362,T073,M075,2025-03-15,2,Confirmed
E0748,P0363,T073,M075,2025-03-15,3,Withdrawn
E0749,P0364,T073,M075,2025-03-15,4,Confirmed
E0750,P0365,T073,M075,2025-03-15,5,Confirmed
E0751,P0361,T073,M076,2025-03-09,1,Confirmed
E0752,P0362,T073,M076,2025-03-09,2,Confirmed
E0753,P0363,T073,M076,2025-03-09,3,Confirmed
E0754,P0364,T073,M076,2025-03-09,4,Confirmed
E0755,P0365,T073,M076,2025-03-09,5,Confirmed
E0756,P0091,T019,M076,2025-03-09,1,Confirmed
E0757,P0092,T019,M076,2025-03-09,2,Confirmed
E0758,P0093,T019,M076,2025-03-09,3,Confirmed
E0759,P0094,T019,M076,2025-03-09,4,Confirmed
E0760,P0095,T019,M076,2025-03-09,5,Confirmed
E0761,P0091,T019,M077,2025-03-16,1,Confirmed
E0762,P0092,T019,M077,2025-03-16,2,Confirmed
E0763,P0093,T019,M077,2025-03-16,3,Waitlist
E0764,P0094,T019,M077,2025-03-16,4,Confirmed
E0765,P0095,T019,M077,2025-03-16,5,Confirmed
E0766,P0031,T007,M077,2025-03-16,1,Waitlist
E0767,P0032,T007,M077,2025-03-16,2,Confirmed
E0768,P0033,T007,M077,2025-03-16,3,Confirmed
E0769,P0034,T007,M077,2025-03-16,4,Confirmed
E0770,P0035,T007,M077,2025-03-16,5,Confirmed
E0771,P0031,T007,M078,2025-03-12,1,Confirmed
E0772,P0032,T007,M078,2025-03-12,2,Confirmed
E0773,P0033,T007,M078,2025-03-12,3,Confirmed
E0774,P0034,T007,M078,2025-03-12,4,Confirmed
E0775,P0035,T007,M078,2025-03-12,5,Confirmed
E0776,P0081,T017,M078,2025-03-12,1,Confirmed
E0777,P0082,T017,M078,2025-03-12,2,Confirmed
E0778,P0083,T017,M078,2025-03-12,3,Confirmed
E0779,P0084,T017,M078,2025-03-12,4,Disqualified
E0780,P0085,T017,M078,2025-03-12,5,Confirmed
E0781,P0081,T017,M079,2025-03-09,1,Confirmed
E0782,P0082,T017,M079,2025-03-09,2,Withdrawn
E0783,P0083,T017,M079,2025-03-09,3,Confirmed
E0784,P0084,T017,M079,2025-03-09,4,Withdrawn
E0785,P0085,T017,M079,2025-03-09,5,Confirmed
E0786,P0186,T038,M079,2025-03-09,1,Confirmed
E0787,P0187,T038,M079,2025-03-09,2,Withdrawn
E0788,P0188,T038,M079,2025-03-09,3,Confirmed
E0789,P0189,T038,M079,2025-03-09,4,Withdrawn
E0790,P0190,T038,M079,2025-03-09,5,Confirmed
E0791,P0186,T038,M080,2025-03-06,1,Confirmed
E0792,P0187,T038,M080,2025-03-06,2,Confirmed
E0793,P0188,T038,M080,2025-03-06,3,Confirmed
E0794,P0189,T038,M080,2025-03-06,4,Confirmed
E0795,P0190,T038,M080,2025-03-06,5,Confirmed
E0796,P0046,T010,M080,2025-03-06,1,Confirmed
E0797,P0047,T010,M080,2025-03-06,2,Confirmed
E0798,P0048,T010,M080,2025-03-06,3,Confirmed
E0799,P0049,T010,M080,2025-03-06,4,Confirmed
E0800,P0050,T010,M080,2025-03-06,5,Confirmed
E0801,P0046,T010,M081,2025-03-08,1,Confirmed
E0802,P0047,T010,M081,2025-03-08,2,Confirmed
E0803,P0048,T010,M081,2025-03-08,3,Confirmed
E0804,P0049,T010,M081,2025-03-08,4,Confirmed
E0805,P0050,T010,M081,2025-03-08,5,Confirmed
E0806,P0591,T119,M081,2025-03-08,1,Confirmed
E0807,P0592,T119,M081,2025-03-08,2,Confirmed
E0808,P0593,T119,M081,2025-03-08,3,Disqualified
E0809,P0594,T119,M081,2025-03-08,4,Confirmed
E0810,P0595,T119,M081,2025-03-08,5,Confirmed
E0811,P0591,T119,M082,2025-03-01,1,Confirmed
E0812,P0592,T119,M082,2025-03-01,2,Confirmed
E0813,P0593,T119,M082,2025-03-01,3,Confirmed
E0814,P0594,T119,M082,2025-03-01,4,Confirmed
E0815,P0595,T119,M082,2025-03-01,5,Confirmed
E0816,P0276,T056,M082,2025-03-01,1,Confirmed
E0817,P0277,T056,M082,2025-03-01,2,Confirmed
E0818,P0278,T056,M082,2025-03-01,3,Confirmed
E0819,P0279,T056,M082,2025-03-01,4,Confirmed
E0820,P0280,T056,M082,2025-03-01,5,Confirmed
E0821,P0276,T056,M083,2025-03-04,1,Confirmed
E0822,P0277,T056,M083,2025-03-04,2,Confirmed
E0823,P0278,T056,M083,2025-03-04,3,Confirmed
E0824,P0279,T056,M083,2025-03-04,4,Confirmed
E0825,P0280,T056,M083,2025-03-04,5,Confirmed
E0826,P0286,T058,M083,2025-03-04,1,Confirmed
E0827,P0287,T058,M083,2025-03-04,2,Withdrawn
E0828,P0288,T058,M083,2025-03-04,3,Confirmed
E0829,P0289,T058,M083,2025-03-04,4,Confirmed
E0830,P0290,T058,M083,2025-03-04,5,Confirmed
E0831,P0286,T058,M084,2025-03-11,1,Confirmed
E0832,P0287,T058,M084,2025-03-11,2,Confirmed
E0833,P0288,T058,M084,2025-03-11,3,Confirmed
E0834,P0289,T058,M084,2025-03-11,4,Confirmed
E0835,P0290,T058,M084,2025-03-11,5,Confirmed
E0836,P0336,T068,M084,2025-03-11,1,Confirmed
E0837,P0337,T068,M084,2025-03-11,2,Confirmed
E0838,P0338,T068,M084,2025-03-11,3,Confirmed
E0839,P0339,T068,M084,2025-03-11,4,Confirmed
E0840,P0340,T068,M084,2025-03-11,5,Confirmed
E0841,P0336,T068,M085,2025-03-19,1,Confirmed
E0842,P0337,T068,M085,2025-03-19,2,Confirmed
E0843,P0338,T068,M085,2025-03-19,3,Disqualified
E0844,P0339,T068,M085,2025-03-19,4,Confirmed
E0845,P0340,T068,M085,2025-03-19,5,Confirmed
E0846,P0181,T037,M085,2025-03-19,1,Confirmed
E0847,P0182,T037,M085,2025-03-19,2,Confirmed
E0848,P0183,T037,M085,2025-03-19,3,Confirmed
E0849,P0184,T037,M085,2025-03-19,4,Confirmed
E0850,P0185,T037,M085,2025-03-19,5,Confirmed
E0851,P0181,T037,M086,2025-03-07,1,Confirmed
E0852,P0182,T037,M086,2025-03-07,2,Waitlist
E0853,P0183,T037,M086,2025-03-07,3,Confirmed
E0854,P0184,T037,M086,2025-03-07,4,Confirmed
E0855,P0185,T037,M086,2025-03-07,5,Confirmed
E0856,P0386,T078,M086,2025-03-07,1,Confirmed
E0857,P0387,T078,M086,2025-03-07,2,Confirmed
E0858,P0388,T078,M086,2025-03-07,3,Confirmed
E0859,P0389,T078,M086,2025-03-07,4,Confirmed
E0860,P0390,T078,M086,2025-03-07,5,Waitlist
E0861,P0386,T078,M087,2025-03-11,1,Confirmed
E0862,P0387,T078,M087,2025-03-11,2,Confirmed
E0863,P0388,T078,M087,2025-03-11,3,Confirmed
E0864,P0389,T078,M087,2025-03-11,4,Confirmed
E0865,P0390,T078,M087,2025-03-11,5,Confirmed
E0866,P0246,T050,M087,2025-03-11,1,Confirmed
E0867,P0247,T050,M087,2025-03-11,2,Confirmed
E0868,P0248,T050,M087,2025-03-11,3,Confirmed
E0869,P0249,T050,M087,2025-03-11,4,Confirmed
E0870,P0250,T050,M087,2025-03-11,5,Confirmed
E0871,P0246,T050,M088,2025-03-17,1,Withdrawn
E0872,P0247,T050,M088,2025-03-17,2,Confirmed
E0873,P0248,T050,M088,2025-03-17,3,Confirmed
E0874,P0249,T050,M088,2025-03-17,4,Withdrawn
E0875,P0250,T050,M088,2025-03-17,5,Confirmed
E0876,P0106,T022,M088,2025-03-17,1,Withdrawn
E0877,P0107,T022,M088,2025-03-17,2,Withdrawn
E0878,P0108,T022,M088,2025-03-17,3,Confirmed
E0879,P0109,T022,M088,2025-03-17,4,Withdrawn
E0880,P0110,T022,M088,2025-03-17,5,Confirmed
E0881,P0106,T022,M089,2025-03-06,1,Confirmed
E0882,P0107,T022,M089,2025-03-06,2,Confirmed
E0883,P0108,T022,M089,2025-03-06,3,Confirmed
E0884,P0109,T022,M089,2025-03-06,4,Confirmed
E0885,P0110,T022,M089,2025-03-06,5,Confirmed
E0886,P0271,T055,M089,2025-03-06,1,Confirmed
E0887,P0272,T055,M089,2025-03-06,2,Confirmed
E0888,P0273,T055,M089,2025-03-06,3,Confirmed
E0889,P0274,T055,M089,2025-03-06,4,Confirmed
E0890,P0275,T055,M089,2025-03-06,5,Confirmed
E0891,P0271,T055,M090,2025-03-05,1,Confirmed
E0892,P0272,T055,M090,2025-03-05,2,Confirmed
E0893,P0273,T055,M090,2025-03-05,3,Confirmed
E0894,P0274,T055,M090,2025-03-05,4,Confirmed
E0895,P0275,T055,M090,2025-03-05,5,Confirmed
E0896,P0366,T074,M090,2025-03-05,1,Confirmed
E0897,P0367,T074,M090,2025-03-05,2,Confirmed
E0898,P0368,T074,M090,2025-03-05,3,Confirmed
E0899,P0369,T074,M090,2025-03-05,4,Confirmed
E0900,P0370,T074,M090,2025-03-05,5,Confirmed
E0901,P0366,T074,M091,2025-03-15,1,Confirmed
E0902,P0367,T074,M091,2025-03-15,2,Confirmed
E0903,P0368,T074,M091,2025-03-15,3,Confirmed
E0904,P0369,T074,M091,2025-03-15,4,Withdrawn
E0905,P0370,T074,M091,2025-03-15,5,Confirmed
E0906,P0041,T009,M091,2025-03-15,1,Confirmed
E0907,P0042,T009,M091,2025-03-15,2,Confirmed
E0908,P0043,T009,M091,2025-03-15,3,Confirmed
E0909,P0044,T009,M091,2025-03-15,4,Confirmed
E0910,P0045,T009,M091,2025-03-15,5,Withdrawn
E0911,P0041,T009,M092,2025-03-12,1,Confirmed
E0912,P0042,T009,M092,2025-03-12,2,Confirmed
E0913,P0043,T009,M092,2025-03-12,3,Confirmed
E0914,P0044,T009,M092,2025-03-12,4,Confirmed
E0915,P0045,T009,M092,2025-03-12,5,Confirmed
E0916,P0586,T118,M092,2025-03-12,1,Confirmed
E0917,P0587,T118,M092,2025-03-12,2,Confirmed
E0918,P0588,T118,M092,2025-03-12,3,Confirmed
E0919,P0589,T118,M092,2025-03-12,4,Confirmed
E0920,P0590,T118,M092,2025-03-12,5,Confirmed
E0921,P0586,T118,M093,2025-03-12,1,Confirmed
E0922,P0587,T118,M093,2025-03-12,2,Confirmed
E0923,P0588,T118,M093,2025-03-12,3,Confirmed
E0924,P0589,T118,M093,2025-03-12,4,Confirmed
E0925,P0590,T118,M093,2025-03-12,5,Withdrawn
E0926,P0201,T041,M093,2025-03-12,1,Confirmed
E0927,P0202,T041,M093,2025-03-12,2,Confirmed
E0928,P0203,T041,M093,2025-03-12,3,Confirmed
E0929,P0204,T041,M093,2025-03-12,4,Confirmed
E0930,P0205,T041,M093,2025-03-12,5,Confirmed
E0931,P0201,T041,M094,2025-03-07,1,Confirmed
E0932,P0202,T041,M094,2025-03-07,2,Confirmed
E0933,P0203,T041,M094,2025-03-07,3,Confirmed
E0934,P0204,T041,M094,2025-03-07,4,Confirmed
E0935,P0205,T041,M094,2025-03-07,5,Confirmed
E0936,P0231,T047,M094,2025-03-07,1,Confirmed
E0937,P0232,T047,M094,2025-03-07,2,Confirmed
E0938,P0233,T047,M094,2025-03-07,3,Confirmed
E0939,P0234,T047,M094,2025-03-07,4,Confirmed
E0940,P0235,T047,M094,2025-03-07,5,Confirmed
E0941,P0231,T047,M095,2025-03-21,1,Confirmed
E0942,P0232,T047,M095,2025-03-21,2,Confirmed
E0943,P0233,T047,M095,2025-03-21,3,Confirmed
E0944,P0234,T047,M095,2025-03-21,4,Confirmed
E0945,P0235,T047,M095,2025-03-21,5,Confirmed
E0946,P0191,T039,M095,2025-03-21,1,Confirmed
E0947,P0192,T039,M095,2025-03-21,2,Confirmed
E0948,P0193,T039,M095,2025-03-21,3,Confirmed
E0949,P0194,T039,M095,2025-03-21,4,Waitlist
E0950,P0195,T039,M095,2025-03-21,5,Confirmed
E0951,P0191,T039,M096,2025-03-05,1,Confirmed
E0952,P0192,T039,M096,2025-03-05,2,Confirmed
E0953,P0193,T039,M096,2025-03-05,3,Confirmed
E0954,P0194,T039,M096,2025-03-05,4,Confirmed
E0955,P0195,T039,M096,2025-03-05,5,Confirmed
E0956,P0501,T101,M096,2025-03-05,1,Confirmed
E0957,P0502,T101,M096,2025-03-05,2,Confirmed
E0958,P0503,T101,M096,2025-03-05,3,Confirmed
E0959,P0504,T101,M096,2025-03-05,4,Confirmed
E0960,P0505,T101,M096,2025-03-05,5,Confirmed
E0961,P0501,T101,M097,2025-03-11,1,Withdrawn
E0962,P0502,T101,M097,2025-03-11,2,Withdrawn
E0963,P0503,T101,M097,2025-03-11,3,Withdrawn
E0964,P0504,T101,M097,2025-03-11,4,Confirmed
E0965,P0505,T101,M097,2025-03-11,5,Confirmed
E0966,P0086,T018,M097,2025-03-11,1,Confirmed
E0967,P0087,T018,M097,2025-03-11,2,Withdrawn
E0968,P0088,T018,M097,2025-03-11,3,Withdrawn
E0969,P0089,T018,M097,2025-03-11,4,Withdrawn
E0970,P0090,T018,M097,2025-03-11,5,Withdrawn
E0971,P0086,T018,M098,2025-03-21,1,Confirmed
E0972,P0087,T018,M098,2025-03-21,2,Confirmed
E0973,P0088,T018,M098,2025-03-21,3,Confirmed
E0974,P0089,T018,M098,2025-03-21,4,Confirmed
E0975,P0090,T018,M098,2025-03-21,5,Confirmed
E0976,P0056,T012,M098,2025-03-21,1,Confirmed
E0977,P0057,T012,M098,2025-03-21,2,Confirmed
E0978,P0058,T012,M098,2025-03-21,3,Confirmed
E0979,P0059,T012,M098,2025-03-21,4,Confirmed
E0980,P0060,T012,M098,2025-03-21,5,Confirmed
E0981,P0056,T012,M099,2025-03-06,1,Confirmed
E0982,P0057,T012,M099,2025-03-06,2,Confirmed
E0983,P0058,T012,M099,2025-03-06,3,Confirmed
E0984,P0059,T012,M099,2025-03-06,4,Confirmed
E0985,P0060,T012,M099,2025-03-06,5,Disqualified
E0986,P0311,T063,M099,2025-03-06,1,Confirmed
E0987,P0312,T063,M099,2025-03-06,2,Confirmed
E0988,P0313,T063,M099,2025-03-06,3,Confirmed
E0989,P0314,T063,M099,2025-03-06,4,Withdrawn
E0990,P0315,T063,M099,2025-03-06,5,Confirmed
E0991,P0311,T063,M100,2025-03-12,1,Confirmed
E0992,P0312,T063,M100,2025-03-12,2,Confirmed
E0993,P0313,T063,M100,2025-03-12,3,Confirmed
E0994,P0314,T063,M100,2025-03-12,4,Confirmed
E0995,P0315,T063,M100,2025-03-12,5,Confirmed
E0996,P0441,T089,M100,2025-03-12,1,Confirmed
E0997,P0442,T089,M100,2025-03-12,2,Confirmed
E0998,P0443,T089,M100,2025-03-12,3,Confirmed
E0999,P0444,T089,M100,2025-03-12,4,Confirmed
E1000,P0445,T089,M100,2025-03-12,5,Confirmed
E1001,P0441,T089,M101,2025-03-15,1,Confirmed
E1002,P0442,T089,M101,2025-03-15,2,Withdrawn
E1003,P0443,T089,M101,2025-03-15,3,Confirmed
E1004,P0444,T089,M101,2025-03-15,4,Confirmed
E1005,P0445,T089,M101,2025-03-15,5,Confirmed
E1006,P0151,T031,M101,2025-03-15,1,Confirmed
E1007,P0152,T031,M101,2025-03-15,2,Confirmed
E1008,P0153,T031,M101,2025-03-15,3,Confirmed
E1009,P0154,T031,M101,2025-03-15,4,Confirmed
E1010,P0155,T031,M101,2025-03-15,5,Withdrawn
E1011,P0151,T031,M102,2025-03-22,1,Confirmed
E1012,P0152,T031,M102,2025-03-22,2,Confirmed
E1013,P0153,T031,M102,2025-03-22,3,Confirmed
E1014,P0154,T031,M102,2025-03-22,4,Confirmed
E1015,P0155,T031,M102,2025-03-22,5,Confirmed
E1016,P0541,T109,M102,2025-03-22,1,Disqualified
E1017,P0542,T109,M102,2025-03-22,2,Confirmed
E1018,P0543,T109,M102,2025-03-22,3,Confirmed
E1019,P0544,T109,M102,2025-03-22,4,Confirmed
E1020,P0545,T109,M102,2025-03-22,5,Confirmed
E1021,P0541,T109,M103,2025-03-24,1,Confirmed
E1022,P0542,T109,M103,2025-03-24,2,Confirmed
E1023,P0543,T109,M103,2025-03-24,3,Confirmed
E1024,P0544,T109,M103,2025-03-24,4,Confirmed
E1025,P0545,T109,M103,2025-03-24,5,Confirmed
E1026,P0531,T107,M103,2025-03-24,1,Confirmed
E1027,P0532,T107,M103,2025-03-24,2,Confirmed
E1028,P0533,T107,M103,2025-03-24,3,Confirmed
E1029,P0534,T107,M103,2025-03-24,4,Confirmed
E1030,P0535,T107,M103,2025-03-24,5,Confirmed
E1031,P0531,T107,M104,2025-03-11,1,Confirmed
E1032,P0532,T107,M104,2025-03-11,2,Waitlist
E1033,P0533,T107,M104,2025-03-11,3,Confirmed
E1034,P0534,T107,M104,2025-03-11,4,Confirmed
E1035,P0535,T107,M104,2025-03-11,5,Confirmed
E1036,P0171,T035,M104,2025-03-11,1,Confirmed
E1037,P0172,T035,M104,2025-03-11,2,Confirmed
E1038,P0173,T035,M104,2025-03-11,3,Confirmed
E1039,P0174,T035,M104,2025-03-11,4,Confirmed
E1040,P0175,T035,M104,2025-03-11,5,Confirmed
E1041,P0171,T035,M105,2025-03-16,1,Confirmed
E1042,P0172,T035,M105,2025-03-16,2,Confirmed
E1043,P0173,T035,M105,2025-03-16,3,Confirmed
E1044,P0174,T035,M105,2025-03-16,4,Confirmed
E1045,P0175,T035,M105,2025-03-16,5,Confirmed
E1046,P0331,T067,M105,2025-03-16,1,Confirmed
E1047,P0332,T067,M105,2025-03-16,2,Confirmed
E1048,P0333,T067,M105,2025-03-16,3,Confirmed
E1049,P0334,T067,M105,2025-03-16,4,Confirmed
E1050,P0335,T067,M105,2025-03-16,5,Confirmed
E1051,P0331,T067,M106,2025-03-19,1,Withdrawn
E1052,P0332,T067,M106,2025-03-19,2,Withdrawn
E1053,P0333,T067,M106,2025-03-19,3,Withdrawn
E1054,P0334,T067,M106,2025-03-19,4,Withdrawn
E1055,P0335,T067,M106,2025-03-19,5,Withdrawn
E1056,P0561,T113,M106,2025-03-19,1,Withdrawn
E1057,P0562,T113,M106,2025-03-19,2,Withdrawn
E1058,P0563,T113,M106,2025-03-19,3,Confirmed
E1059,P0564,T113,M106,2025-03-19,4,Withdrawn
E1060,P0565,T113,M106,2025-03-19,5,Confirmed
E1061,P0561,T113,M107,2025-03-17,1,Confirmed
E1062,P0562,T113,M107,2025-03-17,2,Confirmed
E1063,P0563,T113,M107,2025-03-17,3,Confirmed
E1064,P0564,T113,M107,2025-03-17,4,Confirmed
E1065,P0565,T113,M107,2025-03-17,5,Confirmed
E1066,P0326,T066,M107,2025-03-17,1,Confirmed
E1067,P0327,T066,M107,2025-03-17,2,Confirmed
E1068,P0328,T066,M107,2025-03-17,3,Confirmed
E1069,P0329,T066,M107,2025-03-17,4,Confirmed
E1070,P0330,T066,M107,2025-03-17,5,Disqualified
E1071,P0326,T066,M108,2025-03-09,1,Confirmed
E1072,P0327,T066,M108,2025-03-09,2,Disqualified
E1073,P0328,T066,M108,2025-03-09,3,Confirmed
E1074,P0329,T066,M108,2025-03-09,4,Confirmed
E1075,P0330,T066,M108,2025-03-09,5,Confirmed
E1076,P0026,T006,M108,2025-03-09,1,Confirmed
E1077,P0027,T006,M108,2025-03-09,2,Confirmed
E1078,P0028,T006,M108,2025-03-09,3,Disqualified
E1079,P0029,T006,M108,2025-03-09,4,Confirmed
E1080,P0030,T006,M108,2025-03-09,5,Confirmed
E1081,P0026,T006,M109,2025-03-15,1,Confirmed
E1082,P0027,T006,M109,2025-03-15,2,Confirmed
E1083,P0028,T006,M109,2025-03-15,3,Confirmed
E1084,P0029,T006,M109,2025-03-15,4,Confirmed
E1085,P0030,T006,M109,2025-03-15,5,Confirmed
E1086,P0551,T111,M109,2025-03-15,1,Confirmed
E1087,P0552,T111,M109,2025-03-15,2,Confirmed
E1088,P0553,T111,M109,2025-03-15,3,Confirmed
E1089,P0554,T111,M109,2025-03-15,4,Confirmed
E1090,P0555,T111,M109,2025-03-15,5,Confirmed
E1091,P0551,T111,M110,2025-03-10,1,Confirmed
E1092,P0552,T111,M110,2025-03-10,2,Confirmed
E1093,P0553,T111,M110,2025-03-10,3,Confirmed
E1094,P0554,T111,M110,2025-03-10,4,Confirmed
E1095,P0555,T111,M110,2025-03-10,5,Confirmed
E1096,P0226,T046,M110,2025-03-10,1,Confirmed
E1097,P0227,T046,M110,2025-03-10,2,Confirmed
E1098,P0228,T046,M110,2025-03-10,3,Withdrawn
E1099,P0229,T046,M110,2025-03-10,4,Confirmed
E1100,P0230,T046,M110,2025-03-10,5,Confirmed
E1101,P0226,T046,M111,2025-03-14,1,Confirmed
E1102,P0227,T046,M111,2025-03-14,2,Withdrawn
E1103,P0228,T046,M111,2025-03-14,3,Confirmed
E1104,P0229,T046,M111,2025-03-14,4,Confirmed
E1105,P0230,T046,M111,2025-03-14,5,Confirmed
E1106,P0096,T020,M111,2025-03-14,1,Disqualified
E1107,P0097,T020,M111,2025-03-14,2,Confirmed
E1108,P0098,T020,M111,2025-03-14,3,Confirmed
E1109,P0099,T020,M111,2025-03-14,4,Withdrawn
E1110,P0100,T020,M111,2025-03-14,5,Confirmed
E1111,P0096,T020,M112,2025-03-17,1,Confirmed
E1112,P0097,T020,M112,2025-03-17,2,Confirmed
E1113,P0098,T020,M112,2025-03-17,3,Confirmed
E1114,P0099,T020,M112,2025-03-17,4,Confirmed
E1115,P0100,T020,M112,2025-03-17,5,Withdrawn
E1116,P0556,T112,M112,2025-03-17,1,Confirmed
E1117,P0557,T112,M112,2025-03-17,2,Confirmed
E1118,P0558,T112,M112,2025-03-17,3,Confirmed
E1119,P0559,T112,M112,2025-03-17,4,Confirmed
E1120,P0560,T112,M112,2025-03-17,5,Confirmed
E1121,P0556,T112,M113,2025-03-23,1,Waitlist
E1122,P0557,T112,M113,2025-03-23,2,Waitlist
E1123,P0558,T112,M113,2025-03-23,3,Confirmed
E1124,P0559,T112,M113,2025-03-23,4,Confirmed
E1125,P0560,T112,M113,2025-03-23,5,Confirmed
E1126,P0456,T092,M113,2025-03-23,1,Waitlist
E1127,P0457,T092,M113,2025-03-23,2,Confirmed
E1128,P0458,T092,M113,2025-03-23,3,Confirmed
E1129,P0459,T092,M113,2025-03-23,4,Confirmed
E1130,P0460,T092,M113,2025-03-23,5,Confirmed
E1131,P0456,T092,M114,2025-03-12,1,Confirmed
E1132,P0457,T092,M114,2025-03-12,2,Confirmed
E1133,P0458,T092,M114,2025-03-12,3,Disqualified
E1134,P0459,T092,M114,2025-03-12,4,Confirmed
E1135,P0460,T092,M114,2025-03-12,5,Confirmed
E1136,P0466,T094,M114,2025-03-12,1,Confirmed
E1137,P0467,T094,M114,2025-03-12,2,Confirmed
E1138,P0468,T094,M114,2025-03-12,3,Confirmed
E1139,P0469,T094,M114,2025-03-12,4,Confirmed
E1140,P0470,T094,M114,2025-03-12,5,Confirmed
E1141,P0466,T094,M115,2025-03-26,1,Withdrawn
E1142,P0467,T094,M115,2025-03-26,2,Confirmed
E1143,P0468,T094,M115,2025-03-26,3,Confirmed
E1144,P0469,T094,M115,2025-03-26,4,Confirmed
E1145,P0470,T094,M115,2025-03-26,5,Withdrawn
E1146,P0111,T023,M115,2025-03-26,1,Withdrawn
E1147,P0112,T023,M115,2025-03-26,2,Confirmed
E1148,P0113,T023,M115,2025-03-26,3,Confirmed
E1149,P0114,T023,M115,2025-03-26,4,Withdrawn
E1150,P0115,T023,M115,2025-03-26,5,Withdrawn
E1151,P0111,T023,M116,2025-03-25,1,Confirmed
E1152,P0112,T023,M116,2025-03-25,2,Confirmed
E1153,P0113,T023,M116,2025-03-25,3,Confirmed
E1154,P0114,T023,M116,2025-03-25,4,Confirmed
E1155,P0115,T023,M116,2025-03-25,5,Confirmed
E1156,P0431,T087,M116,2025-03-25,1,Confirmed
E1157,P0432,T087,M116,2025-03-25,2,Confirmed
E1158,P0433,T087,M116,2025-03-25,3,Confirmed
E1159,P0434,T087,M116,2025-03-25,4,Confirmed
E1160,P0435,T087,M116,2025-03-25,5,Confirmed
E1161,P0431,T087,M117,2025-03-09,1,Confirmed
E1162,P0432,T087,M117,2025-03-09,2,Confirmed
E1163,P0433,T087,M117,2025-03-09,3,Confirmed
E1164,P0434,T087,M117,2025-03-09,4,Confirmed
E1165,P0435,T087,M117,2025-03-09,5,Confirmed
E1166,P0316,T064,M117,2025-03-09,1,Confirmed
E1167,P0317,T064,M117,2025-03-09,2,Confirmed
E1168,P0318,T064,M117,2025-03-09,3,Confirmed
E1169,P0319,T064,M117,2025-03-09,4,Withdrawn
E1170,P0320,T064,M117,2025-03-09,5,Confirmed
E1171,P0316,T064,M118,2025-03-26,1,Confirmed
E1172,P0317,T064,M118,2025-03-26,2,Withdrawn
E1173,P0318,T064,M118,2025-03-26,3,Confirmed
E1174,P0319,T064,M118,2025-03-26,4,Confirmed
E1175,P0320,T064,M118,2025-03-26,5,Confirmed
E1176,P0161,T033,M118,2025-03-26,1,Confirmed
E1177,P0162,T033,M118,2025-03-26,2,Confirmed
E1178,P0163,T033,M118,2025-03-26,3,Confirmed
E1179,P0164,T033,M118,2025-03-26,4,Confirmed
E1180,P0165,T033,M118,2025-03-26,5,Confirmed
E1181,P0161,T033,M119,2025-03-28,1,Confirmed
E1182,P0162,T033,M119,2025-03-28,2,Disqualified
E1183,P0163,T033,M119,2025-03-28,3,Confirmed
E1184,P0164,T033,M119,2025-03-28,4,Disqualified
E1185,P0165,T033,M119,2025-03-28,5,Confirmed
E1186,P0461,T093,M119,2025-03-28,1,Confirmed
E1187,P0462,T093,M119,2025-03-28,2,Confirmed
E1188,P0463,T093,M119,2025-03-28,3,Confirmed
E1189,P0464,T093,M119,2025-03-28,4,Confirmed
E1190,P0465,T093,M119,2025-03-28,5,Confirmed
E1191,P0461,T093,M120,2025-03-17,1,Confirmed
E1192,P0462,T093,M120,2025-03-17,2,Confirmed
E1193,P0463,T093,M120,2025-03-17,3,Confirmed
E1194,P0464,T093,M120,2025-03-17,4,Confirmed
E1195,P0465,T093,M120,2025-03-17,5,Confirmed
E1196,P0476,T096,M120,2025-03-17,1,Confirmed
E1197,P0477,T096,M120,2025-03-17,2,Confirmed
E1198,P0478,T096,M120,2025-03-17,3,Confirmed
E1199,P0479,T096,M120,2025-03-17,4,Confirmed
E1200,P0480,T096,M120,2025-03-17,5,Confirmed
E1201,P0476,T096,M121,2025-03-15,1,Disqualified
E1202,P0477,T096,M121,2025-03-15,2,Confirmed
E1203,P0478,T096,M121,2025-03-15,3,Confirmed
E1204,P0479,T096,M121,2025-03-15,4,Confirmed
E1205,P0480,T096,M121,2025-03-15,5,Confirmed
E1206,P0406,T082,M121,2025-03-15,1,Confirmed
E1207,P0407,T082,M121,2025-03-15,2,Confirmed
E1208,P0408,T082,M121,2025-03-15,3,Confirmed
E1209,P0409,T082,M121,2025-03-15,4,Confirmed
E1210,P0410,T082,M121,2025-03-15,5,Confirmed
E1211,P0566,T114,M122,2025-03-11,1,Confirmed
E1212,P0567,T114,M122,2025-03-11,2,Confirmed
E1213,P0568,T114,M122,2025-03-11,3,Waitlist
E1214,P0569,T114,M122,2025-03-11,4,Confirmed
E1215,P0570,T114,M122,2025-03-11,5,Confirmed
E1216,P0346,T070,M122,2025-03-11,1,Confirmed
E1217,P0347,T070,M122,2025-03-11,2,Confirmed
E1218,P0348,T070,M122,2025-03-11,3,Confirmed
E1219,P0349,T070,M122,2025-03-11,4,Confirmed
E1220,P0350,T070,M122,2025-03-11,5,Confirmed
E1221,P0406,T082,M123,2025-03-28,1,Confirmed
E1222,P0407,T082,M123,2025-03-28,2,Confirmed
E1223,P0408,T082,M123,2025-03-28,3,Confirmed
E1224,P0409,T082,M123,2025-03-28,4,Confirmed
E1225,P0410,T082,M123,2025-03-28,5,Confirmed
E1226,P0471,T095,M123,2025-03-28,1,Confirmed
E1227,P0472,T095,M123,2025-03-28,2,Confirmed
E1228,P0473,T095,M123,2025-03-28,3,Confirmed
E1229,P0474,T095,M123,2025-03-28,4,Confirmed
E1230,P0475,T095,M123,2025-03-28,5,Confirmed
E1231,P0346,T070,M124,2025-03-22,1,Confirmed
E1232,P0347,T070,M124,2025-03-22,2,Withdrawn
E1233,P0348,T070,M124,2025-03-22,3,Confirmed
E1234,P0349,T070,M124,2025-03-22,4,Withdrawn
E1235,P0350,T070,M124,2025-03-22,5,Confirmed
E1236,P0036,T008,M124,2025-03-22,1,Confirmed
E1237,P0037,T008,M124,2025-03-22,2,Confirmed
E1238,P0038,T008,M124,2025-03-22,3,Confirmed
E1239,P0039,T008,M124,2025-03-22,4,Confirmed
E1240,P0040,T008,M124,2025-03-22,5,Confirmed
E1241,P0471,T095,M125,2025-03-15,1,Confirmed
E1242,P0472,T095,M125,2025-03-15,2,Confirmed
E1243,P0473,T095,M125,2025-03-15,3,Confirmed
E1244,P0474,T095,M125,2025-03-15,4,Disqualified
E1245,P0475,T095,M125,2025-03-15,5,Confirmed
E1246,P0076,T016,M125,2025-03-15,1,Confirmed
E1247,P0077,T016,M125,2025-03-15,2,Confirmed
E1248,P0078,T016,M125,2025-03-15,3,Confirmed
E1249,P0079,T016,M125,2025-03-15,4,Confirmed
E1250,P0080,T016,M125,2025-03-15,5,Confirmed
E1251,P0036,T008,M126,2025-03-28,1,Confirmed
E1252,P0037,T008,M126,2025-03-28,2,Confirmed
E1253,P0038,T008,M126,2025-03-28,3,Confirmed
E1254,P0039,T008,M126,2025-03-28,4,Confirmed
E1255,P0040,T008,M126,2025-03-28,5,Confirmed
E1256,P0126,T026,M126,2025-03-28,1,Confirmed
E1257,P0127,T026,M126,2025-03-28,2,Confirmed
E1258,P0128,T026,M126,2025-03-28,3,Disqualified
E1259,P0129,T026,M126,2025-03-28,4,Confirmed
E1260,P0130,T026,M126,2025-03-28,5,Confirmed
E1261,P0076,T016,M127,2025-03-13,1,Confirmed
E1262,P0077,T016,M127,2025-03-13,2,Confirmed
E1263,P0078,T016,M127,2025-03-13,3,Confirmed
E1264,P0079,T016,M127,2025-03-13,4,Confirmed
E1265,P0080,T016,M127,2025-03-13,5,Confirmed
E1266,P0001,T001,M127,2025-03-13,1,Withdrawn
E1267,P0002,T001,M127,2025-03-13,2,Confirmed
E1268,P0003,T001,M127,2025-03-13,3,Confirmed
E1269,P0004,T001,M127,2025-03-13,4,Confirmed
E1270,P0005,T001,M127,2025-03-13,5,Confirmed
E1271,P0126,T026,M128,2025-03-25,1,Confirmed
E1272,P0127,T026,M128,2025-03-25,2,Confirmed
E1273,P0128,T026,M128,2025-03-25,3,Confirmed
E1274,P0129,T026,M128,2025-03-25,4,Confirmed
E1275,P0130,T026,M128,2025-03-25,5,Confirmed
E1276,P0216,T044,M128,2025-03-25,1,Confirmed
E1277,P0217,T044,M128,2025-03-25,2,Confirmed
E1278,P0218,T044,M128,2025-03-25,3,Confirmed
E1279,P0219,T044,M128,2025-03-25,4,Confirmed
E1280,P0220,T044,M128,2025-03-25,5,Confirmed
E1281,P0001,T001,M129,2025-03-14,1,Confirmed
E1282,P0002,T001,M129,2025-03-14,2,Confirmed
E1283,P0003,T001,M129,2025-03-14,3,Confirmed
E1284,P0004,T001,M129,2025-03-14,4,Confirmed
E1285,P0005,T001,M129,2025-03-14,5,Confirmed
E1286,P0571,T115,M129,2025-03-14,1,Confirmed
E1287,P0572,T115,M129,2025-03-14,2,Confirmed
E1288,P0573,T115,M129,2025-03-14,3,Confirmed
E1289,P0574,T115,M129,2025-03-14,4,Confirmed
E1290,P0575,T115,M129,2025-03-14,5,Confirmed
E1291,P0216,T044,M130,2025-03-25,1,Confirmed
E1292,P0217,T044,M130,2025-03-25,2,Confirmed
E1293,P0218,T044,M130,2025-03-25,3,Confirmed
E1294,P0219,T044,M130,2025-03-25,4,Confirmed
E1295,P0220,T044,M130,2025-03-25,5,Confirmed
E1296,P0296,T060,M130,2025-03-25,1,Confirmed
E1297,P0297,T060,M130,2025-03-25,2,Confirmed
E1298,P0298,T060,M130,2025-03-25,3,Withdrawn
E1299,P0299,T060,M130,2025-03-25,4,Confirmed
E1300,P0300,T060,M130,2025-03-25,5,Confirmed
E1301,P0571,T115,M131,2025-03-23,1,Confirmed
E1302,P0572,T115,M131,2025-03-23,2,Confirmed
E1303,P0573,T115,M131,2025-03-23,3,Confirmed
E1304,P0574,T115,M131,2025-03-23,4,Confirmed
E1305,P0575,T115,M131,2025-03-23,5,Confirmed
E1306,P0006,T002,M131,2025-03-23,1,Confirmed
E1307,P0007,T002,M131,2025-03-23,2,Confirmed
E1308,P0008,T002,M131,2025-03-23,3,Confirmed
E1309,P0009,T002,M131,2025-03-23,4,Confirmed
E1310,P0010,T002,M131,2025-03-23,5,Confirmed
E1311,P0296,T060,M132,2025-03-13,1,Confirmed
E1312,P0297,T060,M132,2025-03-13,2,Confirmed
E1313,P0298,T060,M132,2025-03-13,3,Confirmed
E1314,P0299,T060,M132,2025-03-13,4,Confirmed
E1315,P0300,T060,M132,2025-03-13,5,Confirmed
E1316,P0416,T084,M132,2025-03-13,1,Confirmed
E1317,P0417,T084,M132,2025-03-13,2,Confirmed
E1318,P0418,T084,M132,2025-03-13,3,Confirmed
E1319,P0419,T084,M132,2025-03-13,4,Disqualified
E1320,P0420,T084,M132,2025-03-13,5,Confirmed
E1321,P0006,T002,M133,2025-03-13,1,Withdrawn
E1322,P0007,T002,M133,2025-03-13,2,Withdrawn
E1323,P0008,T002,M133,2025-03-13,3,Confirmed
E1324,P0009,T002,M133,2025-03-13,4,Confirmed
E1325,P0010,T002,M133,2025-03-13,5,Withdrawn
E1326,P0521,T105,M133,2025-03-13,1,Withdrawn
E1327,P0522,T105,M133,2025-03-13,2,Withdrawn
E1328,P0523,T105,M133,2025-03-13,3,Withdrawn
E1329,P0524,T105,M133,2025-03-13,4,Withdrawn
E1330,P0525,T105,M133,2025-03-13,5,Confirmed
E1331,P0416,T084,M134,2025-03-26,1,Confirmed
E1332,P0417,T084,M134,2025-03-26,2,Confirmed
E1333,P0418,T084,M134,2025-03-26,3,Confirmed
E1334,P0419,T084,M134,2025-03-26,4,Confirmed
E1335,P0420,T084,M134,2025-03-26,5,Confirmed
E1336,P0061,T013,M134,2025-03-26,1,Confirmed
E1337,P0062,T013,M134,2025-03-26,2,Confirmed
E1338,P0063,T013,M134,2025-03-26,3,Confirmed
E1339,P0064,T013,M134,2025-03-26,4,Confirmed
E1340,P0065,T013,M134,2025-03-26,5,Confirmed
E1341,P0521,T105,M135,2025-03-15,1,Confirmed
E1342,P0522,T105,M135,2025-03-15,2,Confirmed
E1343,P0523,T105,M135,2025-03-15,3,Confirmed
E1344,P0524,T105,M135,2025-03-15,4,Confirmed
E1345,P0525,T105,M135,2025-03-15,5,Confirmed
E1346,P0051,T011,M135,2025-03-15,1,Confirmed
E1347,P0052,T011,M135,2025-03-15,2,Confirmed
E1348,P0053,T011,M135,2025-03-15,3,Confirmed
E1349,P0054,T011,M135,2025-03-15,4,Confirmed
E1350,P0055,T011,M135,2025-03-15,5,Confirmed
E1351,P0061,T013,M136,2025-03-23,1,Confirmed
E1352,P0062,T013,M136,2025-03-23,2,Confirmed
E1353,P0063,T013,M136,2025-03-23,3,Confirmed
E1354,P0064,T013,M136,2025-03-23,4,Confirmed
E1355,P0065,T013,M136,2025-03-23,5,Confirmed
E1356,P0236,T048,M136,2025-03-23,1,Confirmed
E1357,P0237,T048,M136,2025-03-23,2,Confirmed
E1358,P0238,T048,M136,2025-03-23,3,Confirmed
E1359,P0239,T048,M136,2025-03-23,4,Confirmed
E1360,P0240,T048,M136,2025-03-23,5,Confirmed
E1361,P0051,T011,M137,2025-03-25,1,Confirmed
E1362,P0052,T011,M137,2025-03-25,2,Confirmed
E1363,P0053,T011,M137,2025-03-25,3,Confirmed
E1364,P0054,T011,M137,2025-03-25,4,Confirmed
E1365,P0055,T011,M137,2025-03-25,5,Confirmed
E1366,P0506,T102,M137,2025-03-25,1,Confirmed
E1367,P0507,T102,M137,2025-03-25,2,Confirmed
E1368,P0508,T102,M137,2025-03-25,3,Confirmed
E1369,P0509,T102,M137,2025-03-25,4,Confirmed
E1370,P0510,T102,M137,2025-03-25,5,Confirmed
E1371,P0236,T048,M138,2025-03-28,1,Confirmed
E1372,P0237,T048,M138,2025-03-28,2,Confirmed
E1373,P0238,T048,M138,2025-03-28,3,Confirmed
E1374,P0239,T048,M138,2025-03-28,4,Confirmed
E1375,P0240,T048,M138,2025-03-28,5,Confirmed
E1376,P0101,T021,M138,2025-03-28,1,Confirmed
E1377,P0102,T021,M138,2025-03-28,2,Confirmed
E1378,P0103,T021,M138,2025-03-28,3,Confirmed
E1379,P0104,T021,M138,2025-03-28,4,Confirmed
E1380,P0105,T021,M138,2025-03-28,5,Confirmed
E1381,P0506,T102,M139,2025-03-31,1,Disqualified
E1382,P0507,T102,M139,2025-03-31,2,Confirmed
E1383,P0508,T102,M139,2025-03-31,3,Confirmed
E1384,P0509,T102,M139,2025-03-31,4,Confirmed
E1385,P0510,T102,M139,2025-03-31,5,Confirmed
E1386,P0066,T014,M139,2025-03-31,1,Confirmed
E1387,P0067,T014,M139,2025-03-31,2,Confirmed
E1388,P0068,T014,M139,2025-03-31,3,Confirmed
E1389,P0069,T014,M139,2025-03-31,4,Confirmed
E1390,P0070,T014,M139,2025-03-31,5,Confirmed
E1391,P0101,T021,M140,2025-04-01,1,Confirmed
E1392,P0102,T021,M140,2025-04-01,2,Confirmed
E1393,P0103,T021,M140,2025-04-01,3,Confirmed
E1394,P0104,T021,M140,2025-04-01,4,Confirmed
E1395,P0105,T021,M140,2025-04-01,5,Confirmed
E1396,P0306,T062,M140,2025-04-01,1,Confirmed
E1397,P0307,T062,M140,2025-04-01,2,Confirmed
E1398,P0308,T062,M140,2025-04-01,3,Confirmed
E1399,P0309,T062,M140,2025-04-01,4,Confirmed
E1400,P0310,T062,M140,2025-04-01,5,Confirmed
E1401,P0066,T014,M141,2025-03-21,1,Confirmed
E1402,P0067,T014,M141,2025-03-21,2,Confirmed
E1403,P0068,T014,M141,2025-03-21,3,Confirmed
E1404,P0069,T014,M141,2025-03-21,4,Confirmed
E1405,P0070,T014,M141,2025-03-21,5,Confirmed
E1406,P0221,T045,M141,2025-03-21,1,Confirmed
E1407,P0222,T045,M141,2025-03-21,2,Confirmed
E1408,P0223,T045,M141,2025-03-21,3,Confirmed
E1409,P0224,T045,M141,2025-03-21,4,Confirmed
E1410,P0225,T045,M141,2025-03-21,5,Confirmed
E1411,P0306,T062,M142,2025-03-26,1,Confirmed
E1412,P0307,T062,M142,2025-03-26,2,Confirmed
E1413,P0308,T062,M142,2025-03-26,3,Withdrawn
E1414,P0309,T062,M142,2025-03-26,4,Withdrawn
E1415,P0310,T062,M142,2025-03-26,5,Withdrawn
E1416,P0131,T027,M142,2025-03-26,1,Confirmed
E1417,P0132,T027,M142,2025-03-26,2,Withdrawn
E1418,P0133,T027,M142,2025-03-26,3,Confirmed
E1419,P0134,T027,M142,2025-03-26,4,Confirmed
E1420,P0135,T027,M142,2025-03-26,5,Confirmed
E1421,P0221,T045,M143,2025-03-29,1,Confirmed
E1422,P0222,T045,M143,2025-03-29,2,Confirmed
E1423,P0223,T045,M143,2025-03-29,3,Confirmed
E1424,P0224,T045,M143,2025-03-29,4,Confirmed
E1425,P0225,T045,M143,2025-03-29,5,Confirmed
E1426,P0196,T040,M143,2025-03-29,1,Confirmed
E1427,P0197,T040,M143,2025-03-29,2,Confirmed
E1428,P0198,T040,M143,2025-03-29,3,Confirmed
E1429,P0199,T040,M143,2025-03-29,4,Confirmed
E1430,P0200,T040,M143,2025-03-29,5,Confirmed
E1431,P0131,T027,M144,2025-03-25,1,Confirmed
E1432,P0132,T027,M144,2025-03-25,2,Confirmed
E1433,P0133,T027,M144,2025-03-25,3,Confirmed
E1434,P0134,T027,M144,2025-03-25,4,Disqualified
E1435,P0135,T027,M144,2025-03-25,5,Confirmed
E1436,P0536,T108,M144,2025-03-25,1,Withdrawn
E1437,P0537,T108,M144,2025-03-25,2,Confirmed
E1438,P0538,T108,M144,2025-03-25,3,Confirmed
E1439,P0539,T108,M144,2025-03-25,4,Confirmed
E1440,P0540,T108,M144,2025-03-25,5,Confirmed
E1441,P0196,T040,M145,2025-04-02,1,Withdrawn
E1442,P0197,T040,M145,2025-04-02,2,Confirmed
E1443,P0198,T040,M145,2025-04-02,3,Confirmed
E1444,P0199,T040,M145,2025-04-02,4,Confirmed
E1445,P0200,T040,M145,2025-04-02,5,Disqualified
E1446,P0136,T028,M145,2025-04-02,1,Confirmed
E1447,P0137,T028,M145,2025-04-02,2,Confirmed
E1448,P0138,T028,M145,2025-04-02,3,Confirmed
E1449,P0139,T028,M145,2025-04-02,4,Confirmed
E1450,P0140,T028,M145,2025-04-02,5,Confirmed
E1451,P0536,T108,M146,2025-03-21,1,Confirmed
E1452,P0537,T108,M146,2025-03-21,2,Confirmed
E1453,P0538,T108,M146,2025-03-21,3,Confirmed
E1454,P0539,T108,M146,2025-03-21,4,Confirmed
E1455,P0540,T108,M146,2025-03-21,5,Confirmed
E1456,P0321,T065,M146,2025-03-21,1,Confirmed
E1457,P0322,T065,M146,2025-03-21,2,Confirmed
E1458,P0323,T065,M146,2025-03-21,3,Disqualified
E1459,P0324,T065,M146,2025-03-21,4,Confirmed
E1460,P0325,T065,M146,2025-03-21,5,Disqualified
E1461,P0136,T028,M147,2025-03-27,1,Confirmed
E1462,P0137,T028,M147,2025-03-27,2,Confirmed
E1463,P0138,T028,M147,2025-03-27,3,Confirmed
E1464,P0139,T028,M147,2025-03-27,4,Confirmed
E1465,P0140,T028,M147,2025-03-27,5,Confirmed
E1466,P0376,T076,M147,2025-03-27,1,Confirmed
E1467,P0377,T076,M147,2025-03-27,2,Confirmed
E1468,P0378,T076,M147,2025-03-27,3,Disqualified
E1469,P0379,T076,M147,2025-03-27,4,Confirmed
E1470,P0380,T076,M147,2025-03-27,5,Withdrawn
E1471,P0321,T065,M148,2025-03-23,1,Confirmed
E1472,P0322,T065,M148,2025-03-23,2,Confirmed
E1473,P0323,T065,M148,2025-03-23,3,Confirmed
E1474,P0324,T065,M148,2025-03-23,4,Confirmed
E1475,P0325,T065,M148,2025-03-23,5,Confirmed
E1476,P0546,T110,M148,2025-03-23,1,Confirmed
E1477,P0547,T110,M148,2025-03-23,2,Confirmed
E1478,P0548,T110,M148,2025-03-23,3,Confirmed
E1479,P0549,T110,M148,2025-03-23,4,Confirmed
E1480,P0550,T110,M148,2025-03-23,5,Confirmed
E1481,P0376,T076,M149,2025-03-31,1,Confirmed
E1482,P0377,T076,M149,2025-03-31,2,Confirmed
E1483,P0378,T076,M149,2025-03-31,3,Confirmed
E1484,P0379,T076,M149,2025-03-31,4,Confirmed
E1485,P0380,T076,M149,2025-03-31,5,Confirmed
E1486,P0436,T088,M149,2025-03-31,1,Confirmed
E1487,P0437,T088,M149,2025-03-31,2,Confirmed
E1488,P0438,T088,M149,2025-03-31,3,Waitlist
E1489,P0439,T088,M149,2025-03-31,4,Waitlist
E1490,P0440,T088,M149,2025-03-31,5,Waitlist
E1491,P0546,T110,M150,2025-03-22,1,Confirmed
E1492,P0547,T110,M150,2025-03-22,2,Confirmed
E1493,P0548,T110,M150,2025-03-22,3,Confirmed
E1494,P0549,T110,M150,2025-03-22,4,Confirmed
E1495,P0550,T110,M150,2025-03-22,5,Confirmed
E1496,P0156,T032,M150,2025-03-22,1,Confirmed
E1497,P0157,T032,M150,2025-03-22,2,Confirmed
E1498,P0158,T032,M150,2025-03-22,3,Confirmed
E1499,P0159,T032,M150,2025-03-22,4,Confirmed
E1500,P0160,T032,M150,2025-03-22,5,Confirmed
E1501,P0436,T088,M151,2025-03-25,1,Confirmed
E1502,P0437,T088,M151,2025-03-25,2,Withdrawn
E1503,P0438,T088,M151,2025-03-25,3,Withdrawn
E1504,P0439,T088,M151,2025-03-25,4,Withdrawn
E1505,P0440,T088,M151,2025-03-25,5,Confirmed
E1506,P0301,T061,M151,2025-03-25,1,Withdrawn
E1507,P0302,T061,M151,2025-03-25,2,Confirmed
E1508,P0303,T061,M151,2025-03-25,3,Withdrawn
E1509,P0304,T061,M151,2025-03-25,4,Confirmed
E1510,P0305,T061,M151,2025-03-25,5,Withdrawn
E1511,P0156,T032,M152,2025-04-05,1,Confirmed
E1512,P0157,T032,M152,2025-04-05,2,Confirmed
E1513,P0158,T032,M152,2025-04-05,3,Confirmed
E1514,P0159,T032,M152,2025-04-05,4,Confirmed
E1515,P0160,T032,M152,2025-04-05,5,Confirmed
E1516,P0391,T079,M152,2025-04-05,1,Confirmed
E1517,P0392,T079,M152,2025-04-05,2,Confirmed
E1518,P0393,T079,M152,2025-04-05,3,Withdrawn
E1519,P0394,T079,M152,2025-04-05,4,Disqualified
E1520,P0395,T079,M152,2025-04-05,5,Confirmed
E1521,P0301,T061,M153,2025-04-04,1,Confirmed
E1522,P0302,T061,M153,2025-04-04,2,Confirmed
E1523,P0303,T061,M153,2025-04-04,3,Confirmed
E1524,P0304,T061,M153,2025-04-04,4,Confirmed
E1525,P0305,T061,M153,2025-04-04,5,Confirmed
E1526,P0121,T025,M153,2025-04-04,1,Confirmed
E1527,P0122,T025,M153,2025-04-04,2,Confirmed
E1528,P0123,T025,M153,2025-04-04,3,Confirmed
E1529,P0124,T025,M153,2025-04-04,4,Confirmed
E1530,P0125,T025,M153,2025-04-04,5,Confirmed
E1531,P0391,T079,M154,2025-03-29,1,Confirmed
E1532,P0392,T079,M154,2025-03-29,2,Confirmed
E1533,P0393,T079,M154,2025-03-29,3,Confirmed
E1534,P0394,T079,M154,2025-03-29,4,Confirmed
E1535,P0395,T079,M154,2025-03-29,5,Confirmed
E1536,P0581,T117,M154,2025-03-29,1,Confirmed
E1537,P0582,T117,M154,2025-03-29,2,Confirmed
E1538,P0583,T117,M154,2025-03-29,3,Confirmed
E1539,P0584,T117,M154,2025-03-29,4,Confirmed
E1540,P0585,T117,M154,2025-03-29,5,Confirmed
E1541,P0121,T025,M155,2025-03-29,1,Confirmed
E1542,P0122,T025,M155,2025-03-29,2,Confirmed
E1543,P0123,T025,M155,2025-03-29,3,Confirmed
E1544,P0124,T025,M155,2025-03-29,4,Confirmed
E1545,P0125,T025,M155,2025-03-29,5,Confirmed
E1546,P0381,T077,M155,2025-03-29,1,Confirmed
E1547,P0382,T077,M155,2025-03-29,2,Confirmed
E1548,P0383,T077,M155,2025-03-29,3,Confirmed
E1549,P0384,T077,M155,2025-03-29,4,Confirmed
E1550,P0385,T077,M155,2025-03-29,5,Confirmed
E1551,P0581,T117,M156,2025-03-25,1,Confirmed
E1552,P0582,T117,M156,2025-03-25,2,Confirmed
E1553,P0583,T117,M156,2025-03-25,3,Confirmed
E1554,P0584,T117,M156,2025-03-25,4,Confirmed
E1555,P0585,T117,M156,2025-03-25,5,Confirmed
E1556,P0211,T043,M156,2025-03-25,1,Disqualified
E1557,P0212,T043,M156,2025-03-25,2,Confirmed
E1558,P0213,T043,M156,2025-03-25,3,Confirmed
E1559,P0214,T043,M156,2025-03-25,4,Confirmed
E1560,P0215,T043,M156,2025-03-25,5,Confirmed
E1561,P0381,T077,M157,2025-03-22,1,Confirmed
E1562,P0382,T077,M157,2025-03-22,2,Withdrawn
E1563,P0383,T077,M157,2025-03-22,3,Confirmed
E1564,P0384,T077,M157,2025-03-22,4,Confirmed
E1565,P0385,T077,M157,2025-03-22,5,Confirmed
E1566,P0251,T051,M157,2025-03-22,1,Confirmed
E1567,P0252,T051,M157,2025-03-22,2,Confirmed
E1568,P0253,T051,M157,2025-03-22,3,Withdrawn
E1569,P0254,T051,M157,2025-03-22,4,Confirmed
E1570,P0255,T051,M157,2025-03-22,5,Confirmed
E1571,P0211,T043,M158,2025-03-23,1,Confirmed
E1572,P0212,T043,M158,2025-03-23,2,Confirmed
E1573,P0213,T043,M158,2025-03-23,3,Confirmed
E1574,P0214,T043,M158,2025-03-23,4,Confirmed
E1575,P0215,T043,M158,2025-03-23,5,Confirmed
E1576,P0486,T098,M158,2025-03-23,1,Confirmed
E1577,P0487,T098,M158,2025-03-23,2,Confirmed
E1578,P0488,T098,M158,2025-03-23,3,Confirmed
E1579,P0489,T098,M158,2025-03-23,4,Confirmed
E1580,P0490,T098,M158,2025-03-23,5,Confirmed
E1581,P0251,T051,M159,2025-03-27,1,Confirmed
E1582,P0252,T051,M159,2025-03-27,2,Confirmed
E1583,P0253,T051,M159,2025-03-27,3,Confirmed
E1584,P0254,T051,M159,2025-03-27,4,Confirmed
E1585,P0255,T051,M159,2025-03-27,5,Confirmed
E1586,P0411,T083,M159,2025-03-27,1,Confirmed
E1587,P0412,T083,M159,2025-03-27,2,Confirmed
E1588,P0413,T083,M159,2025-03-27,3,Confirmed
E1589,P0414,T083,M159,2025-03-27,4,Confirmed
E1590,P0415,T083,M159,2025-03-27,5,Confirmed
E1591,P0486,T098,M160,2025-03-20,1,Withdrawn
E1592,P0487,T098,M160,2025-03-20,2,Withdrawn
E1593,P0488,T098,M160,2025-03-20,3,Confirmed
E1594,P0489,T098,M160,2025-03-20,4,Confirmed
E1595,P0490,T098,M160,2025-03-20,5,Confirmed
E1596,P0496,T100,M160,2025-03-20,1,Confirmed
E1597,P0497,T100,M160,2025-03-20,2,Withdrawn
E1598,P0498,T100,M160,2025-03-20,3,Withdrawn
E1599,P0499,T100,M160,2025-03-20,4,Withdrawn
E1600,P0500,T100,M160,2025-03-20,5,Withdrawn
E1601,P0411,T083,M161,2025-03-30,1,Confirmed
E1602,P0412,T083,M161,2025-03-30,2,Confirmed
E1603,P0413,T083,M161,2025-03-30,3,Confirmed
E1604,P0414,T083,M161,2025-03-30,4,Confirmed
E1605,P0415,T083,M161,2025-03-30,5,Confirmed
E1606,P0511,T103,M161,2025-03-30,1,Confirmed
E1607,P0512,T103,M161,2025-03-30,2,Disqualified
E1608,P0513,T103,M161,2025-03-30,3,Confirmed
E1609,P0514,T103,M161,2025-03-30,4,Confirmed
E1610,P0515,T103,M161,2025-03-30,5,Confirmed
E1611,P0496,T100,M162,2025-03-24,1,Confirmed
E1612,P0497,T100,M162,2025-03-24,2,Confirmed
E1613,P0498,T100,M162,2025-03-24,3,Confirmed
E1614,P0499,T100,M162,2025-03-24,4,Confirmed
E1615,P0500,T100,M162,2025-03-24,5,Confirmed
E1616,P0396,T080,M162,2025-03-24,1,Confirmed
E1617,P0397,T080,M162,2025-03-24,2,Confirmed
E1618,P0398,T080,M162,2025-03-24,3,Confirmed
E1619,P0399,T080,M162,2025-03-24,4,Confirmed
E1620,P0400,T080,M162,2025-03-24,5,Confirmed
E1621,P0511,T103,M163,2025-03-30,1,Confirmed
E1622,P0512,T103,M163,2025-03-30,2,Confirmed
E1623,P0513,T103,M163,2025-03-30,3,Confirmed
E1624,P0514,T103,M163,2025-03-30,4,Confirmed
E1625,P0515,T103,M163,2025-03-30,5,Confirmed
E1626,P0176,T036,M163,2025-03-30,1,Withdrawn
E1627,P0177,T036,M163,2025-03-30,2,Confirmed
E1628,P0178,T036,M163,2025-03-30,3,Confirmed
E1629,P0179,T036,M163,2025-03-30,4,Confirmed
E1630,P0180,T036,M163,2025-03-30,5,Confirmed
E1631,P0396,T080,M164,2025-03-24,1,Confirmed
E1632,P0397,T080,M164,2025-03-24,2,Confirmed
E1633,P0398,T080,M164,2025-03-24,3,Confirmed
E1634,P0399,T080,M164,2025-03-24,4,Confirmed
E1635,P0400,T080,M164,2025-03-24,5,Confirmed
E1636,P0426,T086,M164,2025-03-24,1,Confirmed
E1637,P0427,T086,M164,2025-03-24,2,Confirmed
E1638,P0428,T086,M164,2025-03-24,3,Confirmed
E1639,P0429,T086,M164,2025-03-24,4,Confirmed
E1640,P0430,T086,M164,2025-03-24,5,Confirmed
E1641,P0176,T036,M165,2025-03-23,1,Confirmed
E1642,P0177,T036,M165,2025-03-23,2,Confirmed
E1643,P0178,T036,M165,2025-03-23,3,Confirmed
E1644,P0179,T036,M165,2025-03-23,4,Confirmed
E1645,P0180,T036,M165,2025-03-23,5,Confirmed
E1646,P0266,T054,M165,2025-03-23,1,Confirmed
E1647,P0267,T054,M165,2025-03-23,2,Confirmed
E1648,P0268,T054,M165,2025-03-23,3,Confirmed
E1649,P0269,T054,M165,2025-03-23,4,Confirmed
E1650,P0270,T054,M165,2025-03-23,5,Confirmed
E1651,P0426,T086,M166,2025-03-27,1,Confirmed
E1652,P0427,T086,M166,2025-03-27,2,Confirmed
E1653,P0428,T086,M166,2025-03-27,3,Confirmed
E1654,P0429,T086,M166,2025-03-27,4,Confirmed
E1655,P0430,T086,M166,2025-03-27,5,Confirmed
E1656,P0596,T120,M166,2025-03-27,1,Confirmed
E1657,P0597,T120,M166,2025-03-27,2,Confirmed
E1658,P0598,T120,M166,2025-03-27,3,Confirmed
E1659,P0599,T120,M166,2025-03-27,4,Confirmed
E1660,P0600,T120,M166,2025-03-27,5,Confirmed
E1661,P0266,T054,M167,2025-03-29,1,Confirmed
E1662,P0267,T054,M167,2025-03-29,2,Confirmed
E1663,P0268,T054,M167,2025-03-29,3,Confirmed
E1664,P0269,T054,M167,2025-03-29,4,Confirmed
E1665,P0270,T054,M167,2025-03-29,5,Confirmed
E1666,P0281,T057,M167,2025-03-29,1,Confirmed
E1667,P0282,T057,M167,2025-03-29,2,Confirmed
E1668,P0283,T057,M167,2025-03-29,3,Confirmed
E1669,P0284,T057,M167,2025-03-29,4,Confirmed
E1670,P0285,T057,M167,2025-03-29,5,Confirmed
E1671,P0596,T120,M168,2025-04-04,1,Confirmed
E1672,P0597,T120,M168,2025-04-04,2,Confirmed
E1673,P0598,T120,M168,2025-04-04,3,Confirmed
E1674,P0599,T120,M168,2025-04-04,4,Confirmed
E1675,P0600,T120,M168,2025-04-04,5,Confirmed
E1676,P0401,T081,M168,2025-04-04,1,Withdrawn
E1677,P0402,T081,M168,2025-04-04,2,Confirmed
E1678,P0403,T081,M168,2025-04-04,3,Confirmed
E1679,P0404,T081,M168,2025-04-04,4,Confirmed
E1680,P0405,T081,M168,2025-04-04,5,Confirmed
E1681,P0281,T057,M169,2025-03-26,1,Withdrawn
E1682,P0282,T057,M169,2025-03-26,2,Confirmed
E1683,P0283,T057,M169,2025-03-26,3,Confirmed
E1684,P0284,T057,M169,2025-03-26,4,Confirmed
E1685,P0285,T057,M169,2025-03-26,5,Withdrawn
E1686,P0261,T053,M169,2025-03-26,1,Confirmed
E1687,P0262,T053,M169,2025-03-26,2,Confirmed
E1688,P0263,T053,M169,2025-03-26,3,Withdrawn
E1689,P0264,T053,M169,2025-03-26,4,Confirmed
E1690,P0265,T053,M169,2025-03-26,5,Withdrawn
E1691,P0401,T081,M170,2025-03-31,1,Confirmed
E1692,P0402,T081,M170,2025-03-31,2,Confirmed
E1693,P0403,T081,M170,2025-03-31,3,Confirmed
E1694,P0404,T081,M170,2025-03-31,4,Confirmed
E1695,P0405,T081,M170,2025-03-31,5,Confirmed
E1696,P0421,T085,M170,2025-03-31,1,Confirmed
E1697,P0422,T085,M170,2025-03-31,2,Confirmed
E1698,P0423,T085,M170,2025-03-31,3,Confirmed
E1699,P0424,T085,M170,2025-03-31,4,Confirmed
E1700,P0425,T085,M170,2025-03-31,5,Confirmed
E1701,P0261,T053,M171,2025-04-01,1,Confirmed
E1702,P0262,T053,M171,2025-04-01,2,Confirmed
E1703,P0263,T053,M171,2025-04-01,3,Confirmed
E1704,P0264,T053,M171,2025-04-01,4,Confirmed
E1705,P0265,T053,M171,2025-04-01,5,Confirmed
E1706,P0371,T075,M171,2025-04-01,1,Confirmed
E1707,P0372,T075,M171,2025-04-01,2,Confirmed
E1708,P0373,T075,M171,2025-04-01,3,Confirmed
E1709,P0374,T075,M171,2025-04-01,4,Confirmed
E1710,P0375,T075,M171,2025-04-01,5,Confirmed
E1711,P0421,T085,M172,2025-04-01,1,Confirmed
E1712,P0422,T085,M172,2025-04-01,2,Confirmed
E1713,P0423,T085,M172,2025-04-01,3,Confirmed
E1714,P0424,T085,M172,2025-04-01,4,Confirmed
E1715,P0425,T085,M172,2025-04-01,5,Confirmed
E1716,P0351,T071,M172,2025-04-01,1,Confirmed
E1717,P0352,T071,M172,2025-04-01,2,Confirmed
E1718,P0353,T071,M172,2025-04-01,3,Confirmed
E1719,P0354,T071,M172,2025-04-01,4,Confirmed
E1720,P0355,T071,M172,2025-04-01,5,Confirmed
E1721,P0371,T075,M173,2025-04-01,1,Confirmed
E1722,P0372,T075,M173,2025-04-01,2,Confirmed
E1723,P0373,T075,M173,2025-04-01,3,Confirmed
E1724,P0374,T075,M173,2025-04-01,4,Confirmed
E1725,P0375,T075,M173,2025-04-01,5,Confirmed
E1726,P0116,T024,M173,2025-04-01,1,Confirmed
E1727,P0117,T024,M173,2025-04-01,2,Confirmed
E1728,P0118,T024,M173,2025-04-01,3,Confirmed
E1729,P0119,T024,M173,2025-04-01,4,Confirmed
E1730,P0120,T024,M173,2025-04-01,5,Confirmed
E1731,P0351,T071,M174,2025-04-09,1,Confirmed
E1732,P0352,T071,M174,2025-04-09,2,Confirmed
E1733,P0353,T071,M174,2025-04-09,3,Confirmed
E1734,P0354,T071,M174,2025-04-09,4,Confirmed
E1735,P0355,T071,M174,2025-04-09,5,Confirmed
E1736,P0021,T005,M174,2025-04-09,1,Confirmed
E1737,P0022,T005,M174,2025-04-09,2,Confirmed
E1738,P0023,T005,M174,2025-04-09,3,Confirmed
E1739,P0024,T005,M174,2025-04-09,4,Confirmed
E1740,P0025,T005,M174,2025-04-09,5,Confirmed
E1741,P0116,T024,M175,2025-03-27,1,Confirmed
E1742,P0117,T024,M175,2025-03-27,2,Confirmed
E1743,P0118,T024,M175,2025-03-27,3,Confirmed
E1744,P0119,T024,M175,2025-03-27,4,Confirmed
E1745,P0120,T024,M175,2025-03-27,5,Confirmed
E1746,P0451,T091,M175,2025-03-27,1,Confirmed
E1747,P0452,T091,M175,2025-03-27,2,Confirmed
E1748,P0453,T091,M175,2025-03-27,3,Confirmed
E1749,P0454,T091,M175,2025-03-27,4,Confirmed
E1750,P0455,T091,M175,2025-03-27,5,Confirmed
E1751,P0021,T005,M176,2025-04-06,1,Confirmed
E1752,P0022,T005,M176,2025-04-06,2,Confirmed
E1753,P0023,T005,M176,2025-04-06,3,Confirmed
E1754,P0024,T005,M176,2025-04-06,4,Confirmed
E1755,P0025,T005,M176,2025-04-06,5,Waitlist
E1756,P0146,T030,M176,2025-04-06,1,Confirmed
E1757,P0147,T030,M176,2025-04-06,2,Confirmed
E1758,P0148,T030,M176,2025-04-06,3,Confirmed
E1759,P0149,T030,M176,2025-04-06,4,Confirmed
E1760,P0150,T030,M176,2025-04-06,5,Confirmed
E1761,P0451,T091,M177,2025-03-24,1,Confirmed
E1762,P0452,T091,M177,2025-03-24,2,Confirmed
E1763,P0453,T091,M177,2025-03-24,3,Confirmed
E1764,P0454,T091,M177,2025-03-24,4,Confirmed
E1765,P0455,T091,M177,2025-03-24,5,Confirmed
E1766,P0491,T099,M177,2025-03-24,1,Confirmed
E1767,P0492,T099,M177,2025-03-24,2,Confirmed
E1768,P0493,T099,M177,2025-03-24,3,Confirmed
E1769,P0494,T099,M177,2025-03-24,4,Confirmed
E1770,P0495,T099,M177,2025-03-24,5,Confirmed
E1771,P0146,T030,M178,2025-04-08,1,Withdrawn
E1772,P0147,T030,M178,2025-04-08,2,Withdrawn
E1773,P0148,T030,M178,2025-04-08,3,Withdrawn
E1774,P0149,T030,M178,2025-04-08,4,Withdrawn
E1775,P0150,T030,M178,2025-04-08,5,Confirmed
E1776,P0071,T015,M178,2025-04-08,1,Withdrawn
E1777,P0072,T015,M178,2025-04-08,2,Withdrawn
E1778,P0073,T015,M178,2025-04-08,3,Withdrawn
E1779,P0074,T015,M178,2025-04-08,4,Confirmed
E1780,P0075,T015,M178,2025-04-08,5,Confirmed
E1781,P0491,T099,M179,2025-04-01,1,Confirmed
E1782,P0492,T099,M179,2025-04-01,2,Confirmed
E1783,P0493,T099,M179,2025-04-01,3,Confirmed
E1784,P0494,T099,M179,2025-04-01,4,Confirmed
E1785,P0495,T099,M179,2025-04-01,5,Confirmed
E1786,P0206,T042,M179,2025-04-01,1,Confirmed
E1787,P0207,T042,M179,2025-04-01,2,Confirmed
E1788,P0208,T042,M179,2025-04-01,3,Confirmed
E1789,P0209,T042,M179,2025-04-01,4,Confirmed
E1790,P0210,T042,M179,2025-04-01,5,Confirmed
E1791,P0071,T015,M180,2025-04-10,1,Confirmed
E1792,P0072,T015,M180,2025-04-10,2,Confirmed
E1793,P0073,T015,M180,2025-04-10,3,Confirmed
E1794,P0074,T015,M180,2025-04-10,4,Confirmed
E1795,P0075,T015,M180,2025-04-10,5,Confirmed
E1796,P0481,T097,M180,2025-04-10,1,Confirmed
E1797,P0482,T097,M180,2025-04-10,2,Confirmed
E1798,P0483,T097,M180,2025-04-10,3,Confirmed
E1799,P0484,T097,M180,2025-04-10,4,Confirmed
E1800,P0485,T097,M180,2025-04-10,5,Confirmed
E1801,P0206,T042,M181,2025-03-25,1,Confirmed
E1802,P0207,T042,M181,2025-03-25,2,Confirmed
E1803,P0208,T042,M181,2025-03-25,3,Confirmed
E1804,P0209,T042,M181,2025-03-25,4,Confirmed
E1805,P0210,T042,M181,2025-03-25,5,Confirmed
E1806,P0356,T072,M181,2025-03-25,1,Confirmed
E1807,P0357,T072,M181,2025-03-25,2,Confirmed
E1808,P0358,T072,M181,2025-03-25,3,Confirmed
E1809,P0359,T072,M181,2025-03-25,4,Confirmed
E1810,P0360,T072,M181,2025-03-25,5,Confirmed
E1811,P0481,T097,M182,2025-04-02,1,Confirmed
E1812,P0482,T097,M182,2025-04-02,2,Confirmed
E1813,P0483,T097,M182,2025-04-02,3,Confirmed
E1814,P0484,T097,M182,2025-04-02,4,Confirmed
E1815,P0485,T097,M182,2025-04-02,5,Disqualified
E1816,P0011,T003,M182,2025-04-02,1,Confirmed
E1817,P0012,T003,M182,2025-04-02,2,Confirmed
E1818,P0013,T003,M182,2025-04-02,3,Confirmed
E1819,P0014,T003,M182,2025-04-02,4,Confirmed
E1820,P0015,T003,M182,2025-04-02,5,Confirmed
E1821,P0356,T072,M183,2025-04-07,1,Confirmed
E1822,P0357,T072,M183,2025-04-07,2,Confirmed
E1823,P0358,T072,M183,2025-04-07,3,Confirmed
E1824,P0359,T072,M183,2025-04-07,4,Confirmed
E1825,P0360,T072,M183,2025-04-07,5,Confirmed
E1826,P0166,T034,M183,2025-04-07,1,Confirmed
E1827,P0167,T034,M183,2025-04-07,2,Confirmed
E1828,P0168,T034,M183,2025-04-07,3,Confirmed
E1829,P0169,T034,M183,2025-04-07,4,Disqualified
E1830,P0170,T034,M183,2025-04-07,5,Confirmed
E1831,P0011,T003,M184,2025-04-02,1,Confirmed
E1832,P0012,T003,M184,2025-04-02,2,Confirmed
E1833,P0013,T003,M184,2025-04-02,3,Confirmed
E1834,P0014,T003,M184,2025-04-02,4,Disqualified
E1835,P0015,T003,M184,2025-04-02,5,Confirmed
E1836,P0016,T004,M184,2025-04-02,1,Disqualified
E1837,P0017,T004,M184,2025-04-02,2,Confirmed
E1838,P0018,T004,M184,2025-04-02,3,Confirmed
E1839,P0019,T004,M184,2025-04-02,4,Confirmed
E1840,P0020,T004,M184,2025-04-02,5,Confirmed
E1841,P0166,T034,M185,2025-04-03,1,Confirmed
E1842,P0167,T034,M185,2025-04-03,2,Confirmed
E1843,P0168,T034,M185,2025-04-03,3,Confirmed
E1844,P0169,T034,M185,2025-04-03,4,Confirmed
E1845,P0170,T034,M185,2025-04-03,5,Confirmed
E1846,P0341,T069,M185,2025-04-03,1,Confirmed
E1847,P0342,T069,M185,2025-04-03,2,Confirmed
E1848,P0343,T069,M185,2025-04-03,3,Confirmed
E1849,P0344,T069,M185,2025-04-03,4,Confirmed
E1850,P0345,T069,M185,2025-04-03,5,Waitlist
E1851,P0016,T004,M186,2025-04-13,1,Confirmed
E1852,P0017,T004,M186,2025-04-13,2,Confirmed
E1853,P0018,T004,M186,2025-04-13,3,Confirmed
E1854,P0019,T004,M186,2025-04-13,4,Confirmed
E1855,P0020,T004,M186,2025-04-13,5,Confirmed
E1856,P0516,T104,M186,2025-04-13,1,Confirmed
E1857,P0517,T104,M186,2025-04-13,2,Confirmed
E1858,P0518,T104,M186,2025-04-13,3,Confirmed
E1859,P0519,T104,M186,2025-04-13,4,Confirmed
E1860,P0520,T104,M186,2025-04-13,5,Confirmed
E1861,P0341,T069,M187,2025-04-13,1,Withdrawn
E1862,P0342,T069,M187,2025-04-13,2,Withdrawn
E1863,P0343,T069,M187,2025-04-13,3,Withdrawn
E1864,P0344,T069,M187,2025-04-13,4,Withdrawn
E1865,P0345,T069,M187,2025-04-13,5,Withdrawn
E1866,P0256,T052,M187,2025-04-13,1,Withdrawn
E1867,P0257,T052,M187,2025-04-13,2,Confirmed
E1868,P0258,T052,M187,2025-04-13,3,Withdrawn
E1869,P0259,T052,M187,2025-04-13,4,Withdrawn
E1870,P0260,T052,M187,2025-04-13,5,Withdrawn
E1871,P0516,T104,M188,2025-03-28,1,Confirmed
E1872,P0517,T104,M188,2025-03-28,2,Confirmed
E1873,P0518,T104,M188,2025-03-28,3,Confirmed
E1874,P0519,T104,M188,2025-03-28,4,Confirmed
E1875,P0520,T104,M188,2025-03-28,5,Confirmed
E1876,P0526,T106,M188,2025-03-28,1,Confirmed
E1877,P0527,T106,M188,2025-03-28,2,Confirmed
E1878,P0528,T106,M188,2025-03-28,3,Confirmed
E1879,P0529,T106,M188,2025-03-28,4,Disqualified
E1880,P0530,T106,M188,2025-03-28,5,Confirmed
E1881,P0256,T052,M189,2025-04-01,1,Confirmed
E1882,P0257,T052,M189,2025-04-01,2,Confirmed
E1883,P0258,T052,M189,2025-04-01,3,Confirmed
E1884,P0259,T052,M189,2025-04-01,4,Confirmed
E1885,P0260,T052,M189,2025-04-01,5,Confirmed
E1886,P0241,T049,M189,2025-04-01,1,Confirmed
E1887,P0242,T049,M189,2025-04-01,2,Confirmed
E1888,P0243,T049,M189,2025-04-01,3,Confirmed
E1889,P0244,T049,M189,2025-04-01,4,Confirmed
E1890,P0245,T049,M189,2025-04-01,5,Confirmed
E1891,P0526,T106,M190,2025-04-10,1,Confirmed
E1892,P0527,T106,M190,2025-04-10,2,Confirmed
E1893,P0528,T106,M190,2025-04-10,3,Withdrawn
E1894,P0529,T106,M190,2025-04-10,4,Confirmed
E1895,P0530,T106,M190,2025-04-10,5,Confirmed
E1896,P0576,T116,M190,2025-04-10,1,Confirmed
E1897,P0577,T116,M190,2025-04-10,2,Disqualified
E1898,P0578,T116,M190,2025-04-10,3,Confirmed
E1899,P0579,T116,M190,2025-04-10,4,Disqualified
E1900,P0580,T116,M190,2025-04-10,5,Confirmed
E1901,P0241,T049,M191,2025-04-11,1,Confirmed
E1902,P0242,T049,M191,2025-04-11,2,Confirmed
E1903,P0243,T049,M191,2025-04-11,3,Confirmed
E1904,P0244,T049,M191,2025-04-11,4,Withdrawn
E1905,P0245,T049,M191,2025-04-11,5,Confirmed
E1906,P0291,T059,M191,2025-04-11,1,Confirmed
E1907,P0292,T059,M191,2025-04-11,2,Confirmed
E1908,P0293,T059,M191,2025-04-11,3,Confirmed
E1909,P0294,T059,M191,2025-04-11,4,Confirmed
E1910,P0295,T059,M191,2025-04-11,5,Confirmed
E1911,P0576,T116,M192,2025-04-05,1,Confirmed
E1912,P0577,T116,M192,2025-04-05,2,Confirmed
E1913,P0578,T116,M192,2025-04-05,3,Confirmed
E1914,P0579,T116,M192,2025-04-05,4,Confirmed
E1915,P0580,T116,M192,2025-04-05,5,Confirmed
E1916,P0446,T090,M192,2025-04-05,1,Confirmed
E1917,P0447,T090,M192,2025-04-05,2,Confirmed
E1918,P0448,T090,M192,2025-04-05,3,Confirmed
E1919,P0449,T090,M192,2025-04-05,4,Confirmed
E1920,P0450,T090,M192,2025-04-05,5,Confirmed
E1921,P0291,T059,M193,2025-04-04,1,Confirmed
E1922,P0292,T059,M193,2025-04-04,2,Confirmed
E1923,P0293,T059,M193,2025-04-04,3,Confirmed
E1924,P0294,T059,M193,2025-04-04,4,Confirmed
E1925,P0295,T059,M193,2025-04-04,5,Confirmed
E1926,P0141,T029,M193,2025-04-04,1,Confirmed
E1927,P0142,T029,M193,2025-04-04,2,Confirmed
E1928,P0143,T029,M193,2025-04-04,3,Confirmed
E1929,P0144,T029,M193,2025-04-04,4,Confirmed
E1930,P0145,T029,M193,2025-04-04,5,Confirmed
E1931,P0446,T090,M194,2025-04-05,1,Confirmed
E1932,P0447,T090,M194,2025-04-05,2,Confirmed
E1933,P0448,T090,M194,2025-04-05,3,Confirmed
E1934,P0449,T090,M194,2025-04-05,4,Waitlist
E1935,P0450,T090,M194,2025-04-05,5,Confirmed
E1936,P0361,T073,M194,2025-04-05,1,Confirmed
E1937,P0362,T073,M194,2025-04-05,2,Confirmed
E1938,P0363,T073,M194,2025-04-05,3,Confirmed
E1939,P0364,T073,M194,2025-04-05,4,Confirmed
E1940,P0365,T073,M194,2025-04-05,5,Confirmed
E1941,P0141,T029,M195,2025-04-03,1,Confirmed
E1942,P0142,T029,M195,2025-04-03,2,Confirmed
E1943,P0143,T029,M195,2025-04-03,3,Confirmed
E1944,P0144,T029,M195,2025-04-03,4,Confirmed
E1945,P0145,T029,M195,2025-04-03,5,Confirmed
E1946,P0091,T019,M195,2025-04-03,1,Confirmed
E1947,P0092,T019,M195,2025-04-03,2,Confirmed
E1948,P0093,T019,M195,2025-04-03,3,Confirmed
E1949,P0094,T019,M195,2025-04-03,4,Confirmed
E1950,P0095,T019,M195,2025-04-03,5,Confirmed
E1951,P0361,T073,M196,2025-04-13,1,Withdrawn
E1952,P0362,T073,M196,2025-04-13,2,Withdrawn
E1953,P0363,T073,M196,2025-04-13,3,Confirmed
E1954,P0364,T073,M196,2025-04-13,4,Withdrawn
E1955,P0365,T073,M196,2025-04-13,5,Withdrawn
E1956,P0031,T007,M196,2025-04-13,1,Confirmed
E1957,P0032,T007,M196,2025-04-13,2,Confirmed
E1958,P0033,T007,M196,2025-04-13,3,Confirmed
E1959,P0034,T007,M196,2025-04-13,4,Withdrawn
E1960,P0035,T007,M196,2025-04-13,5,Withdrawn
E1961,P0091,T019,M197,2025-04-11,1,Confirmed
E1962,P0092,T019,M197,2025-04-11,2,Confirmed
E1963,P0093,T019,M197,2025-04-11,3,Confirmed
E1964,P0094,T019,M197,2025-04-11,4,Confirmed
E1965,P0095,T019,M197,2025-04-11,5,Confirmed
E1966,P0081,T017,M197,2025-04-11,1,Disqualified
E1967,P0082,T017,M197,2025-04-11,2,Confirmed
E1968,P0083,T017,M197,2025-04-11,3,Confirmed
E1969,P0084,T017,M197,2025-04-11,4,Confirmed
E1970,P0085,T017,M197,2025-04-11,5,Disqualified
E1971,P0031,T007,M198,2025-04-02,1,Confirmed
E1972,P0032,T007,M198,2025-04-02,2,Confirmed
E1973,P0033,T007,M198,2025-04-02,3,Confirmed
E1974,P0034,T007,M198,2025-04-02,4,Confirmed
E1975,P0035,T007,M198,2025-04-02,5,Confirmed
E1976,P0186,T038,M198,2025-04-02,1,Confirmed
E1977,P0187,T038,M198,2025-04-02,2,Confirmed
E1978,P0188,T038,M198,2025-04-02,3,Confirmed
E1979,P0189,T038,M198,2025-04-02,4,Confirmed
E1980,P0190,T038,M198,2025-04-02,5,Withdrawn
E1981,P0081,T017,M199,2025-04-03,1,Confirmed
E1982,P0082,T017,M199,2025-04-03,2,Withdrawn
E1983,P0083,T017,M199,2025-04-03,3,Confirmed
E1984,P0084,T017,M199,2025-04-03,4,Confirmed
E1985,P0085,T017,M199,2025-04-03,5,Confirmed
E1986,P0046,T010,M199,2025-04-03,1,Confirmed
E1987,P0047,T010,M199,2025-04-03,2,Confirmed
E1988,P0048,T010,M199,2025-04-03,3,Confirmed
E1989,P0049,T010,M199,2025-04-03,4,Confirmed
E1990,P0050,T010,M199,2025-04-03,5,Confirmed
E1991,P0186,T038,M200,2025-04-02,1,Confirmed
E1992,P0187,T038,M200,2025-04-02,2,Confirmed
E1993,P0188,T038,M200,2025-04-02,3,Confirmed
E1994,P0189,T038,M200,2025-04-02,4,Confirmed
E1995,P0190,T038,M200,2025-04-02,5,Confirmed
E1996,P0591,T119,M200,2025-04-02,1,Confirmed
E1997,P0592,T119,M200,2025-04-02,2,Confirmed
E1998,P0593,T119,M200,2025-04-02,3,Confirmed
E1999,P0594,T119,M200,2025-04-02,4,Confirmed
E2000,P0595,T119,M200,2025-04-02,5,Confirmed
