Pass_ID,Player_ID,Pass_Tier,Start_Date,Expiry_Date,Pass_Status,Reward_Points
VP0001,P0001,Silver,2025-06-19,2026-06-19,Cancelled,260
VP0002,P0002,Gold,2025-06-08,2026-06-08,Expired,696
VP0003,P0003,Silver,2025-08-16,2026-08-16,Expired,429
VP0004,P0004,Gold,2025-06-02,2026-06-02,Expired,630
VP0005,P0005,Bronze,2025-01-20,2026-01-20,Cancelled,114
VP0006,P0006,Bronze,2025-07-21,2026-07-21,Expired,293
VP0007,P0007,Silver,2025-05-04,2026-05-04,Cancelled,397
VP0008,P0008,Silver,2026-02-22,2027-02-22,Active,419
VP0009,P0009,Bronze,2025-08-29,2026-08-29,Expired,199
VP0010,P0010,Gold,2025-02-13,2026-02-13,Expired,624
VP0011,P0011,Gold,2026-03-08,2027-03-08,Active,672
VP0012,P0012,Silver,2025-05-11,2026-05-11,Expired,395
VP0013,P0013,Bronze,2025-09-01,2026-09-01,Expired,127
VP0014,P0014,Bronze,2025-12-04,2026-12-04,Active,134
VP0015,P0015,Silver,2025-05-05,2026-05-05,Expired,293
VP0016,P0016,Gold,2025-06-08,2026-06-08,Expired,606
VP0017,P0017,Platinum,2025-01-17,2026-01-17,Cancelled,1033
VP0018,P0018,Silver,2025-02-09,2026-02-09,Expired,272
VP0019,P0019,Silver,2026-04-04,2027-04-04,Active,369
VP0020,P0020,Bronze,2025-03-11,2026-03-11,Expired,201
VP0021,P0021,Bronze,2025-01-06,2026-01-06,Expired,165
VP0022,P0022,Gold,2025-10-07,2026-10-07,Active,692
VP0023,P0023,Gold,2025-12-13,2026-12-13,Active,589
VP0024,P0024,Gold,2025-08-03,2026-08-03,Cancelled,657
VP0025,P0025,Silver,2025-03-15,2026-03-15,Cancelled,328
VP0026,P0026,Bronze,2025-09-23,2026-09-23,Active,288
VP0027,P0027,Bronze,2025-02-21,2026-02-21,Cancelled,175
VP0028,P0028,Bronze,2026-01-25,2027-01-25,Active,238
VP0029,P0029,Diamond,2025-06-20,2026-06-20,Cancelled,1577
VP0030,P0030,Gold,2025-11-20,2026-11-20,Active,578
VP0031,P0031,Gold,2026-02-28,2027-02-28,Active,550
VP0032,P0032,Gold,2025-03-22,2026-03-22,Expired,611
VP0033,P0033,Silver,2025-01-06,2026-01-06,Cancelled,277
VP0034,P0034,Platinum,2026-03-09,2027-03-09,Cancelled,988
VP0035,P0035,Gold,2025-05-15,2026-05-15,Expired,594
VP0036,P0036,Silver,2026-02-26,2027-02-26,Active,317
VP0037,P0037,Bronze,2025-10-08,2026-10-08,Active,194
VP0038,P0038,Silver,2025-06-11,2026-06-11,Expired,365
VP0039,P0039,Silver,2026-01-01,2027-01-01,Cancelled,442
VP0040,P0040,Bronze,2025-05-10,2026-05-10,Expired,195
VP0041,P0041,Gold,2025-04-07,2026-04-07,Cancelled,672
VP0042,P0042,Gold,2026-03-14,2027-03-14,Active,549
VP0043,P0043,Gold,2025-03-16,2026-03-16,Cancelled,675
VP0044,P0044,Bronze,2025-05-29,2026-05-29,Expired,219
VP0045,P0045,Bronze,2026-04-08,2027-04-08,Active,254
VP0046,P0046,Gold,2026-03-04,2027-03-04,Active,620
VP0047,P0047,Gold,2025-09-24,2026-09-24,Active,643
VP0048,P0048,Bronze,2025-11-16,2026-11-16,Active,138
VP0049,P0049,Silver,2025-04-25,2026-04-25,Expired,280
VP0050,P0050,Silver,2026-02-04,2027-02-04,Active,261
VP0051,P0051,Platinum,2025-03-16,2026-03-16,Expired,991
VP0052,P0052,Silver,2025-08-25,2026-08-25,Expired,263
VP0053,P0053,Gold,2025-02-18,2026-02-18,Expired,530
VP0054,P0054,Bronze,2025-11-04,2026-11-04,Cancelled,141
VP0055,P0055,Silver,2025-07-04,2026-07-04,Cancelled,293
VP0056,P0056,Silver,2025-07-22,2026-07-22,Expired,355
VP0057,P0057,Gold,2025-04-26,2026-04-26,Cancelled,591
VP0058,P0058,Diamond,2026-01-08,2027-01-08,Cancelled,1572
VP0059,P0059,Gold,2025-09-25,2026-09-25,Active,505
VP0060,P0060,Silver,2025-03-25,2026-03-25,Expired,282
VP0061,P0061,Silver,2025-02-22,2026-02-22,Expired,449
VP0062,P0062,Bronze,2026-03-19,2027-03-19,Active,239
VP0063,P0063,Silver,2025-08-12,2026-08-12,Expired,386
VP0064,P0064,Bronze,2026-04-23,2027-04-23,Active,265
VP0065,P0065,Silver,2025-08-25,2026-08-25,Cancelled,417
VP0066,P0066,Silver,2026-02-02,2027-02-02,Active,295
VP0067,P0067,Gold,2025-03-20,2026-03-20,Expired,519
VP0068,P0068,Platinum,2025-06-03,2026-06-03,Cancelled,909
VP0069,P0069,Silver,2026-04-07,2027-04-07,Active,433
VP0070,P0070,Silver,2025-01-15,2026-01-15,Expired,260
VP0071,P0071,Gold,2025-08-23,2026-08-23,Expired,592
VP0072,P0072,Silver,2026-04-05,2027-04-05,Active,328
VP0073,P0073,Bronze,2025-12-23,2026-12-23,Active,198
VP0074,P0074,Bronze,2025-12-08,2026-12-08,Active,128
VP0075,P0075,Gold,2026-02-15,2027-02-15,Active,680
VP0076,P0076,Bronze,2025-11-16,2026-11-16,Active,216
VP0077,P0077,Bronze,2025-05-24,2026-05-24,Expired,283
VP0078,P0078,Gold,2025-03-28,2026-03-28,Expired,696
VP0079,P0079,Gold,2026-03-30,2027-03-30,Active,506
VP0080,P0080,Silver,2025-01-03,2026-01-03,Expired,282
VP0081,P0081,Silver,2025-09-17,2026-09-17,Expired,430
VP0082,P0082,Bronze,2026-01-25,2027-01-25,Active,215
VP0083,P0083,Bronze,2025-06-09,2026-06-09,Expired,264
VP0084,P0084,Bronze,2026-04-11,2027-04-11,Active,272
VP0085,P0085,Platinum,2025-11-23,2026-11-23,Active,1065
VP0086,P0086,Silver,2025-04-22,2026-04-22,Expired,359
VP0087,P0087,Diamond,2025-09-27,2026-09-27,Active,1678
VP0088,P0088,Silver,2025-10-03,2026-10-03,Active,419
VP0089,P0089,Gold,2025-07-05,2026-07-05,Expired,574
VP0090,P0090,Silver,2025-08-22,2026-08-22,Expired,414
VP0091,P0091,Silver,2025-11-25,2026-11-25,Active,376
VP0092,P0092,Silver,2026-02-12,2027-02-12,Active,323
VP0093,P0093,Bronze,2025-11-10,2026-11-10,Active,152
VP0094,P0094,Bronze,2025-10-16,2026-10-16,Active,176
VP0095,P0095,Gold,2025-11-08,2026-11-08,Active,627
VP0096,P0096,Gold,2025-10-24,2026-10-24,Active,670
VP0097,P0097,Gold,2025-04-07,2026-04-07,Cancelled,684
VP0098,P0098,Gold,2026-04-07,2027-04-07,Active,671
VP0099,P0099,Silver,2025-07-07,2026-07-07,Expired,403
VP0100,P0100,Gold,2025-05-27,2026-05-27,Cancelled,597
VP0101,P0101,Gold,2025-04-08,2026-04-08,Expired,669
VP0102,P0102,Platinum,2026-03-25,2027-03-25,Cancelled,954
VP0103,P0103,Bronze,2025-11-06,2026-11-06,Active,273
VP0104,P0104,Silver,2025-06-09,2026-06-09,Cancelled,379
VP0105,P0105,Silver,2026-05-04,2027-05-04,Active,444
VP0106,P0106,Silver,2025-06-21,2026-06-21,Expired,265
VP0107,P0107,Gold,2025-07-25,2026-07-25,Expired,582
VP0108,P0108,Gold,2025-10-19,2026-10-19,Active,521
VP0109,P0109,Gold,2026-05-01,2027-05-01,Active,639
VP0110,P0110,Silver,2025-06-15,2026-06-15,Expired,298
VP0111,P0111,Gold,2025-03-09,2026-03-09,Expired,644
VP0112,P0112,Gold,2026-01-08,2027-01-08,Active,622
VP0113,P0113,Bronze,2025-08-18,2026-08-18,Cancelled,264
VP0114,P0114,Gold,2025-06-13,2026-06-13,Cancelled,583
VP0115,P0115,Gold,2025-10-19,2026-10-19,Active,637
VP0116,P0116,Diamond,2025-12-20,2026-12-20,Active,1628
VP0117,P0117,Bronze,2025-09-27,2026-09-27,Active,122
VP0118,P0118,Gold,2025-07-01,2026-07-01,Cancelled,572
VP0119,P0119,Platinum,2025-05-07,2026-05-07,Expired,912
VP0120,P0120,Gold,2025-06-03,2026-06-03,Cancelled,511
VP0121,P0121,Gold,2025-06-06,2026-06-06,Expired,580
VP0122,P0122,Gold,2026-04-26,2027-04-26,Active,547
VP0123,P0123,Bronze,2025-04-27,2026-04-27,Cancelled,150
VP0124,P0124,Silver,2025-02-21,2026-02-21,Expired,270
VP0125,P0125,Bronze,2026-04-29,2027-04-29,Active,241
VP0126,P0126,Bronze,2025-12-31,2026-12-31,Active,181
VP0127,P0127,Bronze,2025-10-19,2026-10-19,Active,146
VP0128,P0128,Gold,2025-07-13,2026-07-13,Expired,525
VP0129,P0129,Gold,2025-11-23,2026-11-23,Active,571
VP0130,P0130,Bronze,2025-06-21,2026-06-21,Expired,161
VP0131,P0131,Silver,2025-01-12,2026-01-12,Expired,326
VP0132,P0132,Gold,2026-02-06,2027-02-06,Active,526
VP0133,P0133,Gold,2025-03-28,2026-03-28,Expired,525
VP0134,P0134,Gold,2025-07-20,2026-07-20,Expired,699
VP0135,P0135,Bronze,2025-01-13,2026-01-13,Expired,284
VP0136,P0136,Platinum,2025-09-30,2026-09-30,Active,1030
VP0137,P0137,Gold,2025-01-16,2026-01-16,Cancelled,579
VP0138,P0138,Gold,2025-02-10,2026-02-10,Expired,544
VP0139,P0139,Gold,2025-10-28,2026-10-28,Active,555
VP0140,P0140,Gold,2025-10-23,2026-10-23,Cancelled,586
VP0141,P0141,Silver,2025-01-09,2026-01-09,Expired,267
VP0142,P0142,Silver,2025-12-02,2026-12-02,Active,412
VP0143,P0143,Gold,2025-11-05,2026-11-05,Active,512
VP0144,P0144,Gold,2026-04-04,2027-04-04,Active,509
VP0145,P0145,Diamond,2025-10-20,2026-10-20,Active,1541
VP0146,P0146,Gold,2026-04-13,2027-04-13,Active,511
VP0147,P0147,Silver,2026-01-06,2027-01-06,Active,310
VP0148,P0148,Silver,2026-03-23,2027-03-23,Active,361
VP0149,P0149,Silver,2025-09-12,2026-09-12,Expired,302
VP0150,P0150,Bronze,2025-06-08,2026-06-08,Cancelled,159
VP0151,P0151,Silver,2025-05-25,2026-05-25,Expired,424
VP0152,P0152,Bronze,2025-03-15,2026-03-15,Cancelled,138
VP0153,P0153,Platinum,2025-04-30,2026-04-30,Expired,1034
VP0154,P0154,Bronze,2025-02-24,2026-02-24,Expired,217
VP0155,P0155,Bronze,2026-01-29,2027-01-29,Active,200
VP0156,P0156,Gold,2025-05-04,2026-05-04,Expired,588
VP0157,P0157,Gold,2025-10-28,2026-10-28,Active,667
VP0158,P0158,Gold,2025-03-15,2026-03-15,Expired,650
VP0159,P0159,Silver,2025-06-12,2026-06-12,Cancelled,312
VP0160,P0160,Silver,2026-04-01,2027-04-01,Active,365
VP0161,P0161,Gold,2025-07-09,2026-07-09,Cancelled,591
VP0162,P0162,Gold,2025-10-02,2026-10-02,Active,595
VP0163,P0163,Gold,2026-02-18,2027-02-18,Active,512
VP0164,P0164,Silver,2026-05-04,2027-05-04,Active,387
VP0165,P0165,Gold,2026-02-01,2027-02-01,Active,672
VP0166,P0166,Gold,2025-03-11,2026-03-11,Cancelled,544
VP0167,P0167,Silver,2025-06-18,2026-06-18,Expired,315
VP0168,P0168,Silver,2025-11-05,2026-11-05,Active,428
VP0169,P0169,Gold,2025-10-23,2026-10-23,Active,594
VP0170,P0170,Platinum,2025-02-14,2026-02-14,Cancelled,1085
VP0171,P0171,Bronze,2025-09-26,2026-09-26,Active,152
VP0172,P0172,Silver,2026-03-14,2027-03-14,Active,315
VP0173,P0173,Gold,2026-04-20,2027-04-20,Active,509
VP0174,P0174,Diamond,2025-12-06,2026-12-06,Active,1684
VP0175,P0175,Silver,2025-09-28,2026-09-28,Active,318
VP0176,P0176,Bronze,2025-03-15,2026-03-15,Expired,206
VP0177,P0177,Bronze,2025-09-14,2026-09-14,Cancelled,275
VP0178,P0178,Bronze,2025-12-26,2026-12-26,Active,133
VP0179,P0179,Gold,2025-05-07,2026-05-07,Cancelled,627
VP0180,P0180,Silver,2025-12-30,2026-12-30,Active,388
VP0181,P0181,Gold,2025-03-13,2026-03-13,Expired,655
VP0182,P0182,Gold,2026-02-10,2027-02-10,Active,515
VP0183,P0183,Silver,2025-07-21,2026-07-21,Expired,400
VP0184,P0184,Gold,2025-06-02,2026-06-02,Cancelled,650
VP0185,P0185,Bronze,2025-03-17,2026-03-17,Cancelled,185
VP0186,P0186,Gold,2026-04-11,2027-04-11,Active,666
VP0187,P0187,Platinum,2025-08-16,2026-08-16,Cancelled,1036
VP0188,P0188,Bronze,2026-02-02,2027-02-02,Active,182
VP0189,P0189,Gold,2025-05-03,2026-05-03,Expired,575
VP0190,P0190,Gold,2025-12-17,2026-12-17,Active,551
VP0191,P0191,Gold,2025-10-15,2026-10-15,Active,676
VP0192,P0192,Gold,2025-06-27,2026-06-27,Cancelled,560
VP0193,P0193,Silver,2025-04-08,2026-04-08,Expired,278
VP0194,P0194,Bronze,2025-05-08,2026-05-08,Expired,267
VP0195,P0195,Silver,2025-07-15,2026-07-15,Expired,444
VP0196,P0196,Bronze,2025-08-18,2026-08-18,Expired,240
VP0197,P0197,Gold,2025-05-22,2026-05-22,Expired,536
VP0198,P0198,Gold,2026-05-12,2027-05-12,Active,669
VP0199,P0199,Bronze,2026-04-10,2027-04-10,Active,143
VP0200,P0200,Gold,2026-03-30,2027-03-30,Active,545
VP0201,P0201,Gold,2025-02-24,2026-02-24,Expired,659
VP0202,P0202,Silver,2026-02-27,2027-02-27,Active,382
VP0203,P0203,Diamond,2026-02-22,2027-02-22,Active,1684
VP0204,P0204,Platinum,2025-11-20,2026-11-20,Active,1046
VP0205,P0205,Gold,2026-03-26,2027-03-26,Cancelled,596
VP0206,P0206,Bronze,2025-05-03,2026-05-03,Cancelled,193
VP0207,P0207,Silver,2025-10-09,2026-10-09,Active,450
VP0208,P0208,Bronze,2025-10-11,2026-10-11,Active,120
VP0209,P0209,Gold,2025-04-16,2026-04-16,Expired,677
VP0210,P0210,Bronze,2026-04-08,2027-04-08,Active,155
VP0211,P0211,Gold,2026-02-02,2027-02-02,Active,636
VP0212,P0212,Bronze,2026-03-15,2027-03-15,Active,114
VP0213,P0213,Silver,2026-02-16,2027-02-16,Active,428
VP0214,P0214,Silver,2025-04-14,2026-04-14,Expired,440
VP0215,P0215,Gold,2025-06-06,2026-06-06,Expired,681
VP0216,P0216,Bronze,2026-03-14,2027-03-14,Active,115
VP0217,P0217,Silver,2025-08-02,2026-08-02,Cancelled,415
VP0218,P0218,Bronze,2025-10-16,2026-10-16,Active,249
VP0219,P0219,Silver,2025-02-22,2026-02-22,Expired,325
VP0220,P0220,Gold,2025-07-18,2026-07-18,Expired,556
VP0221,P0221,Platinum,2025-09-16,2026-09-16,Expired,1007
VP0222,P0222,Gold,2025-07-28,2026-07-28,Expired,564
VP0223,P0223,Bronze,2025-04-16,2026-04-16,Expired,159
VP0224,P0224,Bronze,2026-02-04,2027-02-04,Active,133
VP0225,P0225,Bronze,2026-03-03,2027-03-03,Active,106
VP0226,P0226,Silver,2025-08-03,2026-08-03,Expired,409
VP0227,P0227,Gold,2025-07-06,2026-07-06,Expired,590
VP0228,P0228,Gold,2025-01-09,2026-01-09,Cancelled,659
VP0229,P0229,Bronze,2026-05-07,2027-05-07,Active,246
VP0230,P0230,Gold,2026-01-11,2027-01-11,Active,634
VP0231,P0231,Bronze,2025-05-09,2026-05-09,Cancelled,133
VP0232,P0232,Diamond,2025-12-01,2026-12-01,Active,1553
VP0233,P0233,Gold,2025-07-08,2026-07-08,Expired,549
VP0234,P0234,Gold,2025-07-07,2026-07-07,Expired,651
VP0235,P0235,Silver,2025-11-05,2026-11-05,Active,284
VP0236,P0236,Gold,2026-04-07,2027-04-07,Cancelled,519
VP0237,P0237,Silver,2025-04-16,2026-04-16,Expired,445
VP0238,P0238,Platinum,2025-12-08,2026-12-08,Active,971
VP0239,P0239,Silver,2025-06-01,2026-06-01,Cancelled,372
VP0240,P0240,Bronze,2025-10-04,2026-10-04,Active,235
VP0241,P0241,Gold,2025-08-03,2026-08-03,Expired,561
VP0242,P0242,Gold,2026-04-02,2027-04-02,Active,600
VP0243,P0243,Bronze,2025-10-10,2026-10-10,Active,198
VP0244,P0244,Bronze,2026-01-31,2027-01-31,Active,260
VP0245,P0245,Bronze,2025-05-08,2026-05-08,Expired,245
VP0246,P0246,Gold,2025-07-13,2026-07-13,Expired,525
VP0247,P0247,Gold,2026-02-08,2027-02-08,Cancelled,691
VP0248,P0248,Bronze,2026-01-06,2027-01-06,Active,100
VP0249,P0249,Silver,2025-08-27,2026-08-27,Cancelled,430
VP0250,P0250,Bronze,2025-10-05,2026-10-05,Active,225
VP0251,P0251,Bronze,2025-05-28,2026-05-28,Expired,286
VP0252,P0252,Silver,2025-06-18,2026-06-18,Expired,373
VP0253,P0253,Gold,2025-02-03,2026-02-03,Cancelled,513
VP0254,P0254,Bronze,2026-05-14,2027-05-14,Active,251
VP0255,P0255,Platinum,2026-01-04,2027-01-04,Active,1018
VP0256,P0256,Gold,2025-12-24,2026-12-24,Active,537
VP0257,P0257,Bronze,2025-08-19,2026-08-19,Expired,293
VP0258,P0258,Gold,2025-02-26,2026-02-26,Expired,528
VP0259,P0259,Silver,2025-09-23,2026-09-23,Active,433
VP0260,P0260,Bronze,2026-04-03,2027-04-03,Active,283
VP0261,P0261,Diamond,2025-04-28,2026-04-28,Expired,1599
VP0262,P0262,Silver,2026-01-03,2027-01-03,Active,333
VP0263,P0263,Gold,2025-10-19,2026-10-19,Active,639
VP0264,P0264,Silver,2025-11-19,2026-11-19,Active,390
VP0265,P0265,Bronze,2025-04-23,2026-04-23,Expired,283
VP0266,P0266,Silver,2026-02-05,2027-02-05,Active,412
VP0267,P0267,Silver,2025-11-17,2026-11-17,Active,262
VP0268,P0268,Silver,2025-04-30,2026-04-30,Expired,259
VP0269,P0269,Silver,2025-07-19,2026-07-19,Cancelled,426
VP0270,P0270,Gold,2025-02-21,2026-02-21,Cancelled,500
VP0271,P0271,Bronze,2025-12-26,2026-12-26,Active,183
VP0272,P0272,Platinum,2025-06-17,2026-06-17,Expired,1045
VP0273,P0273,Silver,2026-01-11,2027-01-11,Active,393
VP0274,P0274,Gold,2025-12-06,2026-12-06,Active,552
VP0275,P0275,Silver,2026-04-10,2027-04-10,Active,380
VP0276,P0276,Silver,2025-01-12,2026-01-12,Expired,255
VP0277,P0277,Silver,2025-09-05,2026-09-05,Cancelled,317
VP0278,P0278,Silver,2026-01-22,2027-01-22,Active,295
VP0279,P0279,Silver,2025-11-05,2026-11-05,Cancelled,320
VP0280,P0280,Bronze,2025-05-02,2026-05-02,Cancelled,243
VP0281,P0281,Gold,2025-02-19,2026-02-19,Cancelled,542
VP0282,P0282,Gold,2026-05-14,2027-05-14,Active,609
VP0283,P0283,Bronze,2025-01-27,2026-01-27,Expired,238
VP0284,P0284,Gold,2025-06-02,2026-06-02,Cancelled,562
VP0285,P0285,Gold,2025-06-02,2026-06-02,Expired,675
VP0286,P0286,Bronze,2026-04-07,2027-04-07,Active,129
VP0287,P0287,Gold,2026-03-20,2027-03-20,Active,507
VP0288,P0288,Bronze,2025-09-06,2026-09-06,Expired,234
VP0289,P0289,Platinum,2025-09-15,2026-09-15,Cancelled,1097
VP0290,P0290,Diamond,2025-05-04,2026-05-04,Cancelled,1529
VP0291,P0291,Gold,2026-02-21,2027-02-21,Active,666
VP0292,P0292,Bronze,2026-03-08,2027-03-08,Active,238
VP0293,P0293,Silver,2026-04-01,2027-04-01,Active,356
VP0294,P0294,Silver,2025-05-12,2026-05-12,Expired,328
VP0295,P0295,Gold,2025-01-11,2026-01-11,Expired,639
VP0296,P0296,Bronze,2025-01-03,2026-01-03,Expired,289
VP0297,P0297,Silver,2025-07-24,2026-07-24,Expired,373
VP0298,P0298,Bronze,2025-03-18,2026-03-18,Expired,235
VP0299,P0299,Bronze,2025-02-06,2026-02-06,Expired,245
VP0300,P0300,Bronze,2026-01-25,2027-01-25,Active,234
VP0301,P0301,Bronze,2025-07-09,2026-07-09,Expired,159
VP0302,P0302,Silver,2025-03-04,2026-03-04,Expired,253
VP0303,P0303,Silver,2025-03-29,2026-03-29,Expired,422
VP0304,P0304,Gold,2025-12-22,2026-12-22,Cancelled,620
VP0305,P0305,Silver,2026-03-01,2027-03-01,Active,371
VP0306,P0306,Platinum,2026-01-08,2027-01-08,Active,1088
VP0307,P0307,Silver,2025-10-03,2026-10-03,Active,362
VP0308,P0308,Silver,2025-12-06,2026-12-06,Active,426
VP0309,P0309,Silver,2025-06-10,2026-06-10,Expired,434
VP0310,P0310,Gold,2025-03-25,2026-03-25,Expired,621
VP0311,P0311,Bronze,2025-03-10,2026-03-10,Cancelled,144
VP0312,P0312,Silver,2025-11-28,2026-11-28,Cancelled,408
VP0313,P0313,Bronze,2025-06-08,2026-06-08,Expired,278
VP0314,P0314,Silver,2025-08-05,2026-08-05,Expired,370
VP0315,P0315,Bronze,2025-08-23,2026-08-23,Expired,139
VP0316,P0316,Silver,2025-06-21,2026-06-21,Cancelled,368
VP0317,P0317,Bronze,2025-06-20,2026-06-20,Expired,145
VP0318,P0318,Bronze,2025-09-23,2026-09-23,Active,170
VP0319,P0319,Diamond,2026-02-03,2027-02-03,Active,1663
VP0320,P0320,Bronze,2025-09-18,2026-09-18,Cancelled,229
VP0321,P0321,Bronze,2025-06-28,2026-06-28,Cancelled,126
VP0322,P0322,Gold,2025-01-12,2026-01-12,Expired,521
VP0323,P0323,Platinum,2025-05-15,2026-05-15,Expired,948
VP0324,P0324,Silver,2026-04-30,2027-04-30,Active,256
VP0325,P0325,Gold,2025-02-17,2026-02-17,Expired,672
VP0326,P0326,Gold,2026-03-05,2027-03-05,Active,620
VP0327,P0327,Bronze,2025-06-19,2026-06-19,Cancelled,102
VP0328,P0328,Gold,2025-04-12,2026-04-12,Cancelled,592
VP0329,P0329,Bronze,2025-10-28,2026-10-28,Active,286
VP0330,P0330,Silver,2025-03-09,2026-03-09,Expired,392
VP0331,P0331,Bronze,2025-12-07,2026-12-07,Active,239
VP0332,P0332,Silver,2025-05-10,2026-05-10,Expired,272
VP0333,P0333,Gold,2025-11-13,2026-11-13,Active,559
VP0334,P0334,Bronze,2025-04-20,2026-04-20,Expired,273
VP0335,P0335,Silver,2025-05-05,2026-05-05,Expired,269
VP0336,P0336,Silver,2026-04-08,2027-04-08,Active,436
VP0337,P0337,Gold,2026-03-31,2027-03-31,Active,576
VP0338,P0338,Silver,2025-07-21,2026-07-21,Expired,267
VP0339,P0339,Gold,2025-09-28,2026-09-28,Active,622
VP0340,P0340,Platinum,2025-02-17,2026-02-17,Expired,1015
VP0341,P0341,Bronze,2025-12-25,2026-12-25,Active,152
VP0342,P0342,Gold,2025-10-18,2026-10-18,Active,530
VP0343,P0343,Silver,2025-03-02,2026-03-02,Expired,436
VP0344,P0344,Gold,2026-04-28,2027-04-28,Active,646
VP0345,P0345,Bronze,2025-10-02,2026-10-02,Active,206
VP0346,P0346,Silver,2025-04-04,2026-04-04,Cancelled,266
VP0347,P0347,Silver,2025-05-02,2026-05-02,Cancelled,311
VP0348,P0348,Diamond,2025-08-02,2026-08-02,Cancelled,1604
VP0349,P0349,Gold,2026-01-17,2027-01-17,Active,538
VP0350,P0350,Bronze,2025-09-15,2026-09-15,Cancelled,146
VP0351,P0351,Silver,2025-02-19,2026-02-19,Expired,291
VP0352,P0352,Bronze,2025-06-03,2026-06-03,Cancelled,206
VP0353,P0353,Silver,2025-02-28,2026-02-28,Expired,359
VP0354,P0354,Silver,2025-01-30,2026-01-30,Expired,333
VP0355,P0355,Gold,2025-10-10,2026-10-10,Active,699
VP0356,P0356,Silver,2026-02-04,2027-02-04,Cancelled,272
VP0357,P0357,Platinum,2025-02-16,2026-02-16,Expired,946
VP0358,P0358,Silver,2026-05-06,2027-05-06,Active,298
VP0359,P0359,Bronze,2025-05-01,2026-05-01,Expired,138
VP0360,P0360,Silver,2026-04-13,2027-04-13,Active,267
VP0361,P0361,Gold,2025-12-10,2026-12-10,Active,644
VP0362,P0362,Gold,2026-03-03,2027-03-03,Active,507
VP0363,P0363,Silver,2025-08-24,2026-08-24,Expired,362
VP0364,P0364,Silver,2026-02-15,2027-02-15,Cancelled,367
VP0365,P0365,Gold,2025-01-28,2026-01-28,Expired,536
VP0366,P0366,Silver,2025-11-30,2026-11-30,Active,329
VP0367,P0367,Silver,2025-06-23,2026-06-23,Expired,415
VP0368,P0368,Silver,2025-09-30,2026-09-30,Active,416
VP0369,P0369,Silver,2025-07-10,2026-07-10,Expired,275
VP0370,P0370,Bronze,2025-04-06,2026-04-06,Cancelled,215
VP0371,P0371,Gold,2025-05-31,2026-05-31,Expired,694
VP0372,P0372,Bronze,2026-04-27,2027-04-27,Active,114
VP0373,P0373,Bronze,2025-01-09,2026-01-09,Expired,223
VP0374,P0374,Platinum,2025-12-12,2026-12-12,Active,996
VP0375,P0375,Bronze,2025-01-15,2026-01-15,Expired,167
VP0376,P0376,Silver,2026-01-22,2027-01-22,Active,424
VP0377,P0377,Diamond,2025-04-02,2026-04-02,Expired,1645
VP0378,P0378,Silver,2025-01-03,2026-01-03,Expired,445
VP0379,P0379,Gold,2026-02-21,2027-02-21,Active,576
VP0380,P0380,Gold,2025-01-05,2026-01-05,Cancelled,688
VP0381,P0381,Gold,2025-10-14,2026-10-14,Active,658
VP0382,P0382,Bronze,2026-04-18,2027-04-18,Active,254
VP0383,P0383,Silver,2025-11-23,2026-11-23,Active,259
VP0384,P0384,Silver,2025-08-31,2026-08-31,Expired,327
VP0385,P0385,Bronze,2025-12-16,2026-12-16,Cancelled,290
VP0386,P0386,Gold,2025-12-22,2026-12-22,Active,602
VP0387,P0387,Silver,2025-08-29,2026-08-29,Expired,253
VP0388,P0388,Gold,2025-04-07,2026-04-07,Expired,695
VP0389,P0389,Silver,2025-04-23,2026-04-23,Expired,305
VP0390,P0390,Silver,2025-08-13,2026-08-13,Expired,443
VP0391,P0391,Platinum,2025-02-28,2026-02-28,Expired,1046
VP0392,P0392,Silver,2025-12-19,2026-12-19,Active,307
VP0393,P0393,Gold,2025-12-14,2026-12-14,Active,575
VP0394,P0394,Bronze,2025-01-08,2026-01-08,Expired,201
VP0395,P0395,Gold,2025-10-04,2026-10-04,Active,567
VP0396,P0396,Gold,2025-07-01,2026-07-01,Expired,636
VP0397,P0397,Gold,2025-09-26,2026-09-26,Active,641
VP0398,P0398,Gold,2025-01-24,2026-01-24,Cancelled,549
VP0399,P0399,Gold,2025-02-11,2026-02-11,Cancelled,643
VP0400,P0400,Bronze,2025-10-15,2026-10-15,Active,156
VP0401,P0401,Silver,2025-07-29,2026-07-29,Cancelled,403
VP0402,P0402,Silver,2025-02-09,2026-02-09,Cancelled,374
VP0403,P0403,Silver,2025-12-14,2026-12-14,Active,320
VP0404,P0404,Bronze,2025-07-02,2026-07-02,Expired,153
VP0405,P0405,Bronze,2025-01-27,2026-01-27,Cancelled,132
VP0406,P0406,Diamond,2025-04-15,2026-04-15,Expired,1581
VP0407,P0407,Gold,2025-08-09,2026-08-09,Expired,698
VP0408,P0408,Platinum,2026-03-11,2027-03-11,Cancelled,974
VP0409,P0409,Bronze,2025-04-18,2026-04-18,Expired,279
VP0410,P0410,Silver,2026-01-05,2027-01-05,Active,350
VP0411,P0411,Gold,2025-06-05,2026-06-05,Expired,614
VP0412,P0412,Bronze,2025-01-11,2026-01-11,Cancelled,151
VP0413,P0413,Gold,2025-12-10,2026-12-10,Active,669
VP0414,P0414,Silver,2025-10-19,2026-10-19,Active,340
VP0415,P0415,Silver,2025-09-15,2026-09-15,Cancelled,257
VP0416,P0416,Bronze,2025-07-28,2026-07-28,Cancelled,274
VP0417,P0417,Bronze,2025-07-31,2026-07-31,Expired,245
VP0418,P0418,Gold,2025-05-12,2026-05-12,Expired,524
VP0419,P0419,Gold,2025-09-28,2026-09-28,Active,631
VP0420,P0420,Gold,2026-02-15,2027-02-15,Active,578
VP0421,P0421,Gold,2025-07-28,2026-07-28,Cancelled,510
VP0422,P0422,Bronze,2025-11-08,2026-11-08,Active,194
VP0423,P0423,Bronze,2026-01-01,2027-01-01,Active,158
VP0424,P0424,Silver,2025-12-12,2026-12-12,Active,256
VP0425,P0425,Platinum,2026-03-11,2027-03-11,Cancelled,941
VP0426,P0426,Silver,2025-03-23,2026-03-23,Cancelled,446
VP0427,P0427,Silver,2025-11-05,2026-11-05,Active,276
VP0428,P0428,Bronze,2026-04-28,2027-04-28,Active,289
VP0429,P0429,Gold,2025-01-08,2026-01-08,Cancelled,660
VP0430,P0430,Bronze,2025-04-02,2026-04-02,Cancelled,265
VP0431,P0431,Gold,2025-10-10,2026-10-10,Active,573
VP0432,P0432,Bronze,2025-06-29,2026-06-29,Cancelled,195
VP0433,P0433,Silver,2025-11-11,2026-11-11,Active,355
VP0434,P0434,Silver,2025-10-20,2026-10-20,Active,343
VP0435,P0435,Diamond,2025-03-16,2026-03-16,Expired,1608
VP0436,P0436,Gold,2025-10-22,2026-10-22,Active,654
VP0437,P0437,Bronze,2025-01-04,2026-01-04,Expired,140
VP0438,P0438,Silver,2026-04-13,2027-04-13,Active,316
VP0439,P0439,Bronze,2025-12-03,2026-12-03,Cancelled,111
VP0440,P0440,Gold,2025-08-18,2026-08-18,Cancelled,541
VP0441,P0441,Gold,2025-05-31,2026-05-31,Expired,574
VP0442,P0442,Platinum,2026-05-15,2027-05-15,Active,1068
VP0443,P0443,Bronze,2025-06-24,2026-06-24,Expired,143
VP0444,P0444,Silver,2025-04-24,2026-04-24,Cancelled,439
VP0445,P0445,Gold,2025-09-16,2026-09-16,Expired,667
VP0446,P0446,Bronze,2025-04-22,2026-04-22,Expired,238
VP0447,P0447,Bronze,2025-01-28,2026-01-28,Expired,247
VP0448,P0448,Silver,2025-11-10,2026-11-10,Active,273
VP0449,P0449,Silver,2025-01-19,2026-01-19,Cancelled,276
VP0450,P0450,Gold,2026-05-06,2027-05-06,Active,660
VP0451,P0451,Silver,2025-03-04,2026-03-04,Cancelled,366
VP0452,P0452,Silver,2026-04-15,2027-04-15,Active,405
VP0453,P0453,Silver,2026-01-27,2027-01-27,Active,367
VP0454,P0454,Silver,2025-01-03,2026-01-03,Expired,311
VP0455,P0455,Gold,2025-05-20,2026-05-20,Expired,682
VP0456,P0456,Bronze,2025-03-29,2026-03-29,Expired,125
VP0457,P0457,Silver,2025-04-29,2026-04-29,Expired,391
VP0458,P0458,Bronze,2026-05-06,2027-05-06,Active,122
VP0459,P0459,Platinum,2025-02-28,2026-02-28,Expired,968
VP0460,P0460,Bronze,2025-08-24,2026-08-24,Expired,109
VP0461,P0461,Bronze,2025-07-11,2026-07-11,Expired,263
VP0462,P0462,Gold,2026-05-16,2027-05-16,Cancelled,656
VP0463,P0463,Bronze,2025-11-27,2026-11-27,Active,154
VP0464,P0464,Diamond,2025-01-16,2026-01-16,Expired,1618
VP0465,P0465,Gold,2025-09-10,2026-09-10,Expired,567
VP0466,P0466,Silver,2025-05-20,2026-05-20,Cancelled,288
VP0467,P0467,Bronze,2026-03-27,2027-03-27,Active,239
VP0468,P0468,Silver,2025-10-06,2026-10-06,Active,296
VP0469,P0469,Gold,2025-01-13,2026-01-13,Expired,695
VP0470,P0470,Gold,2026-01-12,2027-01-12,Cancelled,660
VP0471,P0471,Silver,2025-07-12,2026-07-12,Expired,400
VP0472,P0472,Bronze,2025-09-05,2026-09-05,Cancelled,177
VP0473,P0473,Silver,2025-09-09,2026-09-09,Expired,354
VP0474,P0474,Bronze,2025-07-24,2026-07-24,Expired,152
VP0475,P0475,Silver,2026-01-02,2027-01-02,Active,428
VP0476,P0476,Platinum,2026-03-09,2027-03-09,Active,965
VP0477,P0477,Silver,2025-01-29,2026-01-29,Expired,356
VP0478,P0478,Bronze,2025-02-06,2026-02-06,Expired,115
VP0479,P0479,Bronze,2025-08-01,2026-08-01,Expired,131
VP0480,P0480,Silver,2025-05-10,2026-05-10,Expired,264
VP0481,P0481,Silver,2025-11-09,2026-11-09,Active,394
VP0482,P0482,Gold,2026-03-27,2027-03-27,Active,624
VP0483,P0483,Gold,2026-02-20,2027-02-20,Active,527
VP0484,P0484,Silver,2026-01-04,2027-01-04,Active,438
VP0485,P0485,Gold,2025-10-21,2026-10-21,Active,527
VP0486,P0486,Bronze,2025-06-18,2026-06-18,Expired,294
VP0487,P0487,Silver,2025-12-29,2026-12-29,Active,254
VP0488,P0488,Bronze,2025-01-25,2026-01-25,Expired,181
VP0489,P0489,Gold,2025-03-22,2026-03-22,Expired,537
VP0490,P0490,Bronze,2025-03-08,2026-03-08,Expired,162
VP0491,P0491,Bronze,2026-01-19,2027-01-19,Active,230
VP0492,P0492,Gold,2026-01-04,2027-01-04,Active,574
VP0493,P0493,Platinum,2026-04-13,2027-04-13,Active,984
VP0494,P0494,Silver,2025-08-13,2026-08-13,Expired,367
VP0495,P0495,Bronze,2026-04-13,2027-04-13,Active,258
VP0496,P0496,Gold,2025-08-14,2026-08-14,Expired,501
VP0497,P0497,Bronze,2025-05-30,2026-05-30,Expired,260
VP0498,P0498,Gold,2025-10-29,2026-10-29,Cancelled,642
VP0499,P0499,Bronze,2025-05-09,2026-05-09,Expired,257
VP0500,P0500,Bronze,2025-08-07,2026-08-07,Expired,160
VP0501,P0501,Gold,2025-12-09,2026-12-09,Active,576
VP0502,P0502,Gold,2026-02-26,2027-02-26,Active,666
VP0503,P0503,Gold,2026-03-30,2027-03-30,Active,584
VP0504,P0504,Silver,2025-04-19,2026-04-19,Cancelled,376
VP0505,P0505,Bronze,2025-06-17,2026-06-17,Cancelled,152
VP0506,P0506,Gold,2025-10-20,2026-10-20,Active,564
VP0507,P0507,Bronze,2025-02-17,2026-02-17,Expired,127
VP0508,P0508,Bronze,2026-05-16,2027-05-16,Active,129
VP0509,P0509,Bronze,2026-03-01,2027-03-01,Active,119
VP0510,P0510,Platinum,2026-02-21,2027-02-21,Active,932
VP0511,P0511,Silver,2026-02-23,2027-02-23,Active,282
VP0512,P0512,Silver,2026-04-17,2027-04-17,Active,317
VP0513,P0513,Gold,2026-03-27,2027-03-27,Active,572
VP0514,P0514,Gold,2026-03-26,2027-03-26,Active,609
VP0515,P0515,Bronze,2026-01-31,2027-01-31,Active,242
VP0516,P0516,Silver,2026-02-09,2027-02-09,Active,445
VP0517,P0517,Silver,2025-07-06,2026-07-06,Expired,391
VP0518,P0518,Silver,2025-12-09,2026-12-09,Active,391
VP0519,P0519,Bronze,2025-02-11,2026-02-11,Expired,243
VP0520,P0520,Silver,2025-10-11,2026-10-11,Active,277
VP0521,P0521,Silver,2025-08-06,2026-08-06,Expired,339
VP0522,P0522,Diamond,2026-03-05,2027-03-05,Active,1667
VP0523,P0523,Gold,2026-02-15,2027-02-15,Active,513
VP0524,P0524,Bronze,2025-12-10,2026-12-10,Active,296
VP0525,P0525,Silver,2026-02-02,2027-02-02,Active,341
VP0526,P0526,Silver,2025-06-30,2026-06-30,Cancelled,429
VP0527,P0527,Platinum,2025-10-28,2026-10-28,Active,1007
VP0528,P0528,Gold,2026-04-19,2027-04-19,Active,538
VP0529,P0529,Gold,2026-05-14,2027-05-14,Active,555
VP0530,P0530,Bronze,2025-08-22,2026-08-22,Expired,260
VP0531,P0531,Gold,2025-01-24,2026-01-24,Expired,603
VP0532,P0532,Bronze,2026-04-26,2027-04-26,Active,290
VP0533,P0533,Gold,2026-01-28,2027-01-28,Active,544
VP0534,P0534,Bronze,2025-10-12,2026-10-12,Active,191
VP0535,P0535,Silver,2025-01-04,2026-01-04,Cancelled,259
VP0536,P0536,Bronze,2025-07-02,2026-07-02,Expired,249
VP0537,P0537,Gold,2025-12-29,2026-12-29,Active,602
VP0538,P0538,Silver,2025-09-27,2026-09-27,Active,345
VP0539,P0539,Silver,2026-01-28,2027-01-28,Active,307
VP0540,P0540,Silver,2025-01-13,2026-01-13,Cancelled,269
VP0541,P0541,Gold,2025-01-13,2026-01-13,Expired,685
VP0542,P0542,Silver,2025-03-16,2026-03-16,Expired,392
VP0543,P0543,Bronze,2026-05-08,2027-05-08,Active,276
VP0544,P0544,Platinum,2025-09-15,2026-09-15,Cancelled,957
VP0545,P0545,Gold,2025-08-17,2026-08-17,Expired,550
VP0546,P0546,Gold,2026-04-20,2027-04-20,Cancelled,595
VP0547,P0547,Bronze,2026-05-05,2027-05-05,Active,270
VP0548,P0548,Silver,2025-06-23,2026-06-23,Expired,390
VP0549,P0549,Gold,2026-04-30,2027-04-30,Active,698
VP0550,P0550,Silver,2025-04-27,2026-04-27,Cancelled,378
VP0551,P0551,Diamond,2026-04-02,2027-04-02,Active,1659
VP0552,P0552,Bronze,2025-01-23,2026-01-23,Expired,183
VP0553,P0553,Bronze,2025-05-17,2026-05-17,Expired,144
VP0554,P0554,Bronze,2026-01-07,2027-01-07,Active,147
VP0555,P0555,Silver,2025-01-06,2026-01-06,Expired,319
VP0556,P0556,Gold,2025-01-12,2026-01-12,Expired,656
VP0557,P0557,Silver,2026-03-02,2027-03-02,Active,309
VP0558,P0558,Silver,2025-06-04,2026-06-04,Expired,347
VP0559,P0559,Silver,2026-02-08,2027-02-08,Active,420
VP0560,P0560,Silver,2025-10-07,2026-10-07,Active,311
VP0561,P0561,Platinum,2025-02-14,2026-02-14,Cancelled,1051
VP0562,P0562,Bronze,2025-02-18,2026-02-18,Expired,116
VP0563,P0563,Bronze,2025-03-19,2026-03-19,Expired,163
VP0564,P0564,Silver,2025-06-27,2026-06-27,Cancelled,411
VP0565,P0565,Gold,2025-08-25,2026-08-25,Expired,654
VP0566,P0566,Silver,2026-03-18,2027-03-18,Active,355
VP0567,P0567,Silver,2026-04-08,2027-04-08,Active,283
VP0568,P0568,Bronze,2026-03-13,2027-03-13,Active,107
VP0569,P0569,Gold,2026-03-13,2027-03-13,Active,602
VP0570,P0570,Bronze,2025-10-28,2026-10-28,Active,214
VP0571,P0571,Silver,2025-12-24,2026-12-24,Active,299
VP0572,P0572,Bronze,2025-01-23,2026-01-23,Expired,287
VP0573,P0573,Silver,2025-10-14,2026-10-14,Active,339
VP0574,P0574,Gold,2025-02-08,2026-02-08,Expired,588
VP0575,P0575,Gold,2026-05-07,2027-05-07,Active,567
VP0576,P0576,Silver,2025-12-15,2026-12-15,Active,400
VP0577,P0577,Silver,2025-12-17,2026-12-17,Active,272
VP0578,P0578,Platinum,2025-06-16,2026-06-16,Cancelled,1058
VP0579,P0579,Silver,2025-06-23,2026-06-23,Expired,375
VP0580,P0580,Diamond,2025-08-31,2026-08-31,Cancelled,1623
VP0581,P0581,Bronze,2025-01-04,2026-01-04,Expired,241
VP0582,P0582,Gold,2025-08-20,2026-08-20,Cancelled,587
VP0583,P0583,Gold,2025-11-02,2026-11-02,Active,596
VP0584,P0584,Silver,2026-03-19,2027-03-19,Active,409
VP0585,P0585,Bronze,2025-01-19,2026-01-19,Expired,184
VP0586,P0586,Silver,2025-02-26,2026-02-26,Cancelled,351
VP0587,P0587,Gold,2025-04-26,2026-04-26,Cancelled,515
VP0588,P0588,Bronze,2026-05-11,2027-05-11,Active,244
VP0589,P0589,Bronze,2025-03-03,2026-03-03,Expired,224
VP0590,P0590,Bronze,2025-02-02,2026-02-02,Expired,182
VP0591,P0591,Silver,2025-03-28,2026-03-28,Expired,287
VP0592,P0592,Bronze,2026-03-30,2027-03-30,Active,243
VP0593,P0593,Bronze,2025-04-23,2026-04-23,Expired,257
VP0594,P0594,Silver,2025-11-12,2026-11-12,Active,350
VP0595,P0595,Platinum,2025-07-17,2026-07-17,Expired,993
VP0596,P0596,Bronze,2025-12-17,2026-12-17,Active,270
VP0597,P0597,Silver,2026-04-03,2027-04-03,Cancelled,440
VP0598,P0598,Silver,2026-01-09,2027-01-09,Active,343
VP0599,P0599,Bronze,2025-04-14,2026-04-14,Expired,115
VP0600,P0600,Bronze,2026-05-03,2027-05-03,Cancelled,259
